Date,Store ID,Product ID,Category,Region,Inventory Level,Units Ordered,Units Sold,Demand Forecast,Holiday/Promotion,Missed Sales,End Inventory,Stock In Transit,Holding Cost,Shortage Cost,Total Cost
2024-01-01,S001,P0001,Clothing,North,265,156,203,221.81,0,0.0,62,0,132.5,0.0,132.5
2024-01-01,S001,P0002,Clothing,East,274,101,171,212.2,0,0.0,103,0,137.0,0.0,137.0
2024-01-01,S001,P0003,Toys,West,154,151,125,105.57,0,0.0,29,0,77.0,0.0,77.0
2024-01-01,S001,P0004,Groceries,West,397,165,116,1.17,0,0.0,281,0,198.5,0.0,198.5
2024-01-01,S001,P0005,Clothing,West,84,131,76,147.19,0,63.19,8,0,42.0,126.38,168.38
2024-01-01,S001,P0006,Furniture,South,390,34,206,73.33,0,0.0,184,0,195.0,0.0,195.0
2024-01-01,S001,P0007,Furniture,South,263,46,15,37.47,0,0.0,248,0,131.5,0.0,131.5
2024-01-01,S001,P0008,Electronics,North,368,67,186,158.8,0,0.0,182,0,184.0,0.0,184.0
2024-01-01,S001,P0009,Groceries,West,496,141,126,360.97,0,0.0,370,0,248.0,0.0,248.0
2024-01-01,S001,P0010,Clothing,West,178,182,26,204.77,0,26.77000000000001,152,0,89.0,53.54000000000002,142.54000000000002
2024-01-01,S001,P0011,Furniture,North,160,150,139,241.42,0,81.41999999999999,21,0,80.0,162.83999999999997,242.83999999999997
2024-01-01,S001,P0012,Clothing,North,382,193,18,11.23,0,0.0,364,0,191.0,0.0,191.0
2024-01-01,S001,P0013,Groceries,West,43,146,74,62.49,0,19.490000000000002,0,0,21.5,38.980000000000004,60.480000000000004
2024-01-01,S001,P0014,Electronics,East,478,117,165,273.04,0,0.0,313,0,239.0,0.0,239.0
2024-01-01,S001,P0015,Toys,North,93,57,12,15.52,0,0.0,81,0,46.5,0.0,46.5
2024-01-01,S001,P0016,Electronics,South,322,34,18,44.65,0,0.0,304,0,161.0,0.0,161.0
2024-01-01,S001,P0017,Toys,East,92,173,226,65.41,0,0.0,0,0,46.0,0.0,46.0
2024-01-01,S001,P0018,Groceries,West,373,34,100,37.32,0,0.0,273,0,186.5,0.0,186.5
2024-01-01,S001,P0019,Electronics,East,60,195,52,59.32,0,0.0,8,0,30.0,0.0,30.0
2024-01-01,S001,P0020,Groceries,East,393,185,105,33.43,0,0.0,288,0,196.5,0.0,196.5
2024-01-01,S001,P0021,Clothing,South,194,74,45,363.31,0,169.31,149,0,97.0,338.62,435.62
2024-01-01,S001,P0022,Toys,South,382,192,422,133.76,0,0.0,0,0,191.0,0.0,191.0
2024-01-01,S001,P0023,Clothing,East,504,122,123,115.45,0,0.0,381,0,252.0,0.0,252.0
2024-01-01,S001,P0024,Groceries,West,147,131,332,209.42,0,62.41999999999999,0,0,73.5,124.83999999999997,198.33999999999997
2024-01-01,S001,P0025,Furniture,East,173,148,30,50.61,0,0.0,143,0,86.5,0.0,86.5
2024-01-01,S001,P0026,Electronics,West,427,135,8,51.79,0,0.0,419,0,213.5,0.0,213.5
2024-01-01,S001,P0027,Toys,West,261,131,381,249.44,0,0.0,0,0,130.5,0.0,130.5
2024-01-01,S001,P0028,Groceries,East,408,153,394,0.0,0,0.0,14,0,204.0,0.0,204.0
2024-01-01,S001,P0029,Furniture,North,454,50,46,161.33,0,0.0,408,0,227.0,0.0,227.0
2024-01-01,S001,P0030,Toys,West,409,123,24,49.44,0,0.0,385,0,204.5,0.0,204.5
2024-01-01,S001,P0031,Electronics,North,347,131,41,208.61,0,0.0,306,0,173.5,0.0,173.5
2024-01-01,S001,P0032,Clothing,West,373,58,35,321.55,0,0.0,338,0,186.5,0.0,186.5
2024-01-01,S001,P0033,Clothing,South,119,149,16,70.92,0,0.0,103,0,59.5,0.0,59.5
2024-01-01,S001,P0034,Toys,South,292,77,36,202.24,0,0.0,256,0,146.0,0.0,146.0
2024-01-01,S001,P0035,Clothing,East,314,48,131,53.61,0,0.0,183,0,157.0,0.0,157.0
2024-01-01,S001,P0036,Furniture,East,326,149,55,170.25,0,0.0,271,0,163.0,0.0,163.0
2024-01-01,S001,P0037,Electronics,West,173,28,214,323.39,0,150.39,0,0,86.5,300.78,387.28
2024-01-01,S001,P0038,Clothing,West,64,200,59,150.26,0,86.25999999999999,5,0,32.0,172.51999999999998,204.51999999999998
2024-01-01,S001,P0039,Toys,East,331,176,71,78.27,0,0.0,260,0,165.5,0.0,165.5
2024-01-01,S001,P0040,Furniture,West,212,89,251,52.31,0,0.0,0,0,106.0,0.0,106.0
2024-01-01,S001,P0041,Clothing,North,465,172,166,339.68,0,0.0,299,0,232.5,0.0,232.5
2024-01-01,S001,P0042,Furniture,West,465,50,36,17.59,0,0.0,429,0,232.5,0.0,232.5
2024-01-01,S001,P0043,Clothing,South,209,68,168,153.9,0,0.0,41,0,104.5,0.0,104.5
2024-01-01,S001,P0044,Clothing,East,342,59,126,275.3,0,0.0,216,0,171.0,0.0,171.0
2024-01-01,S001,P0045,Furniture,North,133,192,197,385.51,0,252.51,0,0,66.5,505.02,571.52
2024-01-01,S001,P0046,Groceries,North,387,132,308,212.93,0,0.0,79,0,193.5,0.0,193.5
2024-01-01,S001,P0047,Groceries,South,225,88,130,70.29,0,0.0,95,0,112.5,0.0,112.5
2024-01-01,S001,P0048,Toys,West,152,144,0,55.69,0,0.0,152,0,76.0,0.0,76.0
2024-01-01,S001,P0049,Clothing,North,265,157,244,301.97,0,36.97000000000003,21,0,132.5,73.94000000000005,206.44000000000005
2024-01-01,S001,P0050,Furniture,South,372,49,90,240.77,0,0.0,282,0,186.0,0.0,186.0
2024-01-01,S001,P0051,Groceries,West,271,54,371,412.16,0,141.16000000000003,0,0,135.5,282.32000000000005,417.82000000000005
2024-01-01,S001,P0052,Furniture,South,113,88,81,39.47,0,0.0,32,0,56.5,0.0,56.5
2024-01-01,S001,P0053,Toys,East,247,36,155,362.68,0,115.68,92,0,123.5,231.36,354.86
2024-01-01,S001,P0054,Clothing,East,298,196,26,89.56,0,0.0,272,0,149.0,0.0,149.0
2024-01-01,S001,P0055,Electronics,West,333,46,140,333.77,0,0.7699999999999818,193,0,166.5,1.5399999999999636,168.03999999999996
2024-01-01,S001,P0056,Groceries,North,271,76,356,241.05,0,0.0,0,0,135.5,0.0,135.5
2024-01-01,S001,P0057,Toys,East,418,62,165,112.23,0,0.0,253,0,209.0,0.0,209.0
2024-01-01,S001,P0058,Furniture,West,447,189,122,146.13,0,0.0,325,0,223.5,0.0,223.5
2024-01-01,S001,P0059,Groceries,North,255,136,68,213.6,0,0.0,187,0,127.5,0.0,127.5
2024-01-01,S001,P0060,Electronics,East,246,135,325,351.74,0,105.74000000000001,0,0,123.0,211.48000000000002,334.48
2024-01-01,S001,P0061,Groceries,North,298,116,353,160.45,0,0.0,0,0,149.0,0.0,149.0
2024-01-01,S001,P0062,Toys,West,159,95,78,101.45,0,0.0,81,0,79.5,0.0,79.5
2024-01-01,S001,P0063,Furniture,North,465,101,156,6.71,0,0.0,309,0,232.5,0.0,232.5
2024-01-01,S001,P0064,Toys,North,77,48,55,250.91,0,173.91,22,0,38.5,347.82,386.32
2024-01-01,S001,P0065,Toys,South,319,62,25,20.17,0,0.0,294,0,159.5,0.0,159.5
2024-01-01,S001,P0066,Electronics,East,172,177,248,108.6,0,0.0,0,0,86.0,0.0,86.0
2024-01-01,S001,P0067,Electronics,East,370,129,263,141.25,0,0.0,107,0,185.0,0.0,185.0
2024-01-01,S001,P0068,Toys,West,86,28,39,361.83,0,275.83,47,0,43.0,551.66,594.66
2024-01-01,S001,P0069,Toys,South,205,98,0,171.39,0,0.0,205,0,102.5,0.0,102.5
2024-01-01,S001,P0070,Groceries,North,439,139,185,146.64,0,0.0,254,0,219.5,0.0,219.5
2024-01-01,S001,P0071,Toys,West,426,121,247,176.04,0,0.0,179,0,213.0,0.0,213.0
2024-01-01,S001,P0072,Toys,South,153,166,290,122.98,0,0.0,0,0,76.5,0.0,76.5
2024-01-01,S001,P0073,Furniture,West,441,115,393,152.57,0,0.0,48,0,220.5,0.0,220.5
2024-01-01,S001,P0074,Electronics,East,78,133,143,103.4,0,25.400000000000006,0,0,39.0,50.80000000000001,89.80000000000001
2024-01-01,S001,P0075,Clothing,South,390,21,138,29.63,0,0.0,252,0,195.0,0.0,195.0
2024-01-01,S002,P0001,Electronics,West,218,36,86,21.72,0,0.0,132,0,109.0,0.0,109.0
2024-01-01,S002,P0002,Electronics,North,446,58,28,209.35,0,0.0,418,0,223.0,0.0,223.0
2024-01-01,S002,P0003,Toys,North,306,50,370,167.88,0,0.0,0,0,153.0,0.0,153.0
2024-01-01,S002,P0004,Toys,North,504,113,437,193.43,0,0.0,67,0,252.0,0.0,252.0
2024-01-01,S002,P0005,Furniture,South,327,141,118,21.33,0,0.0,209,0,163.5,0.0,163.5
2024-01-01,S002,P0006,Clothing,East,263,114,23,0.0,0,0.0,240,0,131.5,0.0,131.5
2024-01-01,S002,P0007,Electronics,West,379,89,217,244.74,0,0.0,162,0,189.5,0.0,189.5
2024-01-01,S002,P0008,Clothing,West,364,191,20,142.99,0,0.0,344,0,182.0,0.0,182.0
2024-01-01,S002,P0009,Groceries,East,123,64,287,127.61,0,4.609999999999999,0,0,61.5,9.219999999999999,70.72
2024-01-01,S002,P0010,Toys,West,195,76,60,45.23,0,0.0,135,0,97.5,0.0,97.5
2024-01-01,S002,P0011,Groceries,East,114,112,148,28.27,0,0.0,0,0,57.0,0.0,57.0
2024-01-01,S002,P0012,Clothing,East,335,161,13,203.55,0,0.0,322,0,167.5,0.0,167.5
2024-01-01,S002,P0013,Electronics,South,72,128,86,153.11,0,81.11000000000001,0,0,36.0,162.22000000000003,198.22000000000003
2024-01-01,S002,P0014,Toys,East,238,106,159,163.6,0,0.0,79,0,119.0,0.0,119.0
2024-01-01,S002,P0015,Clothing,West,62,71,185,284.6,0,222.60000000000002,0,0,31.0,445.20000000000005,476.20000000000005
2024-01-01,S002,P0016,Groceries,West,215,174,209,36.12,0,0.0,6,0,107.5,0.0,107.5
2024-01-01,S002,P0017,Furniture,North,352,147,59,380.22,0,28.220000000000027,293,0,176.0,56.440000000000055,232.44000000000005
2024-01-01,S002,P0018,Electronics,East,452,141,103,288.21,0,0.0,349,0,226.0,0.0,226.0
2024-01-01,S002,P0019,Electronics,East,313,27,123,318.09,0,5.089999999999975,190,0,156.5,10.17999999999995,166.67999999999995
2024-01-01,S002,P0020,Furniture,South,213,41,290,361.81,0,148.81,0,0,106.5,297.62,404.12
2024-01-01,S002,P0021,Electronics,North,135,199,352,290.16,0,155.16000000000003,0,0,67.5,310.32000000000005,377.82000000000005
2024-01-01,S002,P0022,Furniture,East,202,141,0,76.35,0,0.0,202,0,101.0,0.0,101.0
2024-01-01,S002,P0023,Electronics,North,156,105,174,44.8,0,0.0,0,0,78.0,0.0,78.0
2024-01-01,S002,P0024,Groceries,East,207,134,88,101.11,0,0.0,119,0,103.5,0.0,103.5
2024-01-01,S002,P0025,Electronics,North,208,81,133,0.0,0,0.0,75,0,104.0,0.0,104.0
2024-01-01,S002,P0026,Electronics,East,314,36,142,426.49,0,112.49000000000001,172,0,157.0,224.98000000000002,381.98
2024-01-01,S002,P0027,Clothing,West,392,148,115,46.59,0,0.0,277,0,196.0,0.0,196.0
2024-01-01,S002,P0028,Electronics,South,252,189,63,51.0,0,0.0,189,0,126.0,0.0,126.0
2024-01-01,S002,P0029,Furniture,North,407,96,273,341.48,0,0.0,134,0,203.5,0.0,203.5
2024-01-01,S002,P0030,Electronics,North,92,62,222,173.3,0,81.30000000000001,0,0,46.0,162.60000000000002,208.60000000000002
2024-01-01,S002,P0031,Electronics,West,71,130,0,133.48,0,62.47999999999999,71,0,35.5,124.95999999999998,160.45999999999998
2024-01-01,S002,P0032,Toys,North,221,116,241,87.55,0,0.0,0,0,110.5,0.0,110.5
2024-01-01,S002,P0033,Electronics,North,314,184,77,341.92,0,27.920000000000016,237,0,157.0,55.84000000000003,212.84000000000003
2024-01-01,S002,P0034,Toys,East,284,168,207,255.86,0,0.0,77,0,142.0,0.0,142.0
2024-01-01,S002,P0035,Electronics,East,288,156,0,124.63,0,0.0,288,0,144.0,0.0,144.0
2024-01-01,S002,P0036,Electronics,North,306,175,117,62.36,0,0.0,189,0,153.0,0.0,153.0
2024-01-01,S002,P0037,Electronics,West,108,119,81,58.41,0,0.0,27,0,54.0,0.0,54.0
2024-01-01,S002,P0038,Clothing,West,443,118,0,119.96,0,0.0,443,0,221.5,0.0,221.5
2024-01-01,S002,P0039,Toys,South,377,70,265,158.14,0,0.0,112,0,188.5,0.0,188.5
2024-01-01,S002,P0040,Toys,North,48,61,279,82.2,0,34.2,0,0,24.0,68.4,92.4
2024-01-01,S002,P0041,Clothing,West,414,18,451,165.52,0,0.0,0,0,207.0,0.0,207.0
2024-01-01,S002,P0042,Furniture,East,79,185,155,293.76,0,214.76,0,0,39.5,429.52,469.02
2024-01-01,S002,P0043,Groceries,South,397,117,104,0.0,0,0.0,293,0,198.5,0.0,198.5
2024-01-01,S002,P0044,Electronics,North,475,187,160,204.14,0,0.0,315,0,237.5,0.0,237.5
2024-01-01,S002,P0045,Furniture,West,116,108,39,90.58,0,0.0,77,0,58.0,0.0,58.0
2024-01-01,S002,P0046,Clothing,North,70,140,121,82.43,0,12.430000000000007,0,0,35.0,24.860000000000014,59.860000000000014
2024-01-01,S002,P0047,Furniture,North,363,163,79,117.45,0,0.0,284,0,181.5,0.0,181.5
2024-01-01,S002,P0048,Electronics,North,431,125,194,128.32,0,0.0,237,0,215.5,0.0,215.5
2024-01-01,S002,P0049,Clothing,North,135,165,121,201.6,0,66.6,14,0,67.5,133.2,200.7
2024-01-01,S002,P0050,Groceries,East,308,193,73,113.7,0,0.0,235,0,154.0,0.0,154.0
2024-01-01,S002,P0051,Toys,North,411,38,38,83.66,0,0.0,373,0,205.5,0.0,205.5
2024-01-01,S002,P0052,Furniture,East,304,163,171,33.82,0,0.0,133,0,152.0,0.0,152.0
2024-01-01,S002,P0053,Electronics,East,354,191,78,28.79,0,0.0,276,0,177.0,0.0,177.0
2024-01-01,S002,P0054,Clothing,West,217,191,72,204.46,0,0.0,145,0,108.5,0.0,108.5
2024-01-01,S002,P0055,Groceries,East,148,100,293,34.99,0,0.0,0,0,74.0,0.0,74.0
2024-01-01,S002,P0056,Electronics,West,360,69,53,229.13,0,0.0,307,0,180.0,0.0,180.0
2024-01-01,S002,P0057,Clothing,North,162,19,146,52.05,0,0.0,16,0,81.0,0.0,81.0
2024-01-01,S002,P0058,Groceries,South,148,26,42,61.53,0,0.0,106,0,74.0,0.0,74.0
2024-01-01,S002,P0059,Groceries,East,132,161,33,29.6,0,0.0,99,0,66.0,0.0,66.0
2024-01-01,S002,P0060,Toys,East,274,175,106,21.72,0,0.0,168,0,137.0,0.0,137.0
2024-01-01,S002,P0061,Electronics,East,434,195,190,81.31,0,0.0,244,0,217.0,0.0,217.0
2024-01-01,S002,P0062,Electronics,South,456,175,259,141.99,0,0.0,197,0,228.0,0.0,228.0
2024-01-01,S002,P0063,Toys,East,375,122,184,78.95,0,0.0,191,0,187.5,0.0,187.5
2024-01-01,S002,P0064,Electronics,South,338,62,128,97.42,0,0.0,210,0,169.0,0.0,169.0
2024-01-01,S002,P0065,Toys,North,258,85,0,142.31,0,0.0,258,0,129.0,0.0,129.0
2024-01-01,S002,P0066,Furniture,West,311,93,8,123.15,0,0.0,303,0,155.5,0.0,155.5
2024-01-01,S002,P0067,Toys,North,491,90,88,101.03,0,0.0,403,0,245.5,0.0,245.5
2024-01-01,S002,P0068,Electronics,North,234,27,0,360.04,0,126.04000000000002,234,0,117.0,252.08000000000004,369.08000000000004
2024-01-01,S002,P0069,Groceries,South,427,129,225,18.23,0,0.0,202,0,213.5,0.0,213.5
2024-01-01,S002,P0070,Furniture,East,56,111,6,133.89,0,77.88999999999999,50,0,28.0,155.77999999999997,183.77999999999997
2024-01-01,S002,P0071,Toys,South,359,156,59,52.99,0,0.0,300,0,179.5,0.0,179.5
2024-01-01,S002,P0072,Furniture,North,300,100,153,31.37,0,0.0,147,0,150.0,0.0,150.0
2024-01-01,S002,P0073,Clothing,North,388,170,91,185.31,0,0.0,297,0,194.0,0.0,194.0
2024-01-01,S002,P0074,Toys,East,426,144,311,121.39,0,0.0,115,0,213.0,0.0,213.0
2024-01-01,S002,P0075,Clothing,South,484,109,36,91.71,0,0.0,448,0,242.0,0.0,242.0
2024-01-01,S003,P0001,Toys,West,175,47,270,190.35,0,15.349999999999994,0,0,87.5,30.69999999999999,118.19999999999999
2024-01-01,S003,P0002,Clothing,East,111,54,475,59.87,0,0.0,0,0,55.5,0.0,55.5
2024-01-01,S003,P0003,Furniture,South,301,116,263,434.87,0,133.87,38,0,150.5,267.74,418.24
2024-01-01,S003,P0004,Clothing,East,407,93,35,19.01,0,0.0,372,0,203.5,0.0,203.5
2024-01-01,S003,P0005,Toys,North,431,19,61,288.33,0,0.0,370,0,215.5,0.0,215.5
2024-01-01,S003,P0006,Toys,East,348,156,74,123.71,0,0.0,274,0,174.0,0.0,174.0
2024-01-01,S003,P0007,Electronics,East,101,132,53,126.54,0,25.540000000000006,48,0,50.5,51.08000000000001,101.58000000000001
2024-01-01,S003,P0008,Toys,East,179,172,16,196.47,0,17.47,163,0,89.5,34.94,124.44
2024-01-01,S003,P0009,Groceries,South,369,130,321,146.01,0,0.0,48,0,184.5,0.0,184.5
2024-01-01,S003,P0010,Clothing,East,370,116,82,211.16,0,0.0,288,0,185.0,0.0,185.0
2024-01-01,S003,P0011,Electronics,South,446,83,194,118.3,0,0.0,252,0,223.0,0.0,223.0
2024-01-01,S003,P0012,Electronics,West,66,43,109,30.89,0,0.0,0,0,33.0,0.0,33.0
2024-01-01,S003,P0013,Toys,West,467,83,315,11.84,0,0.0,152,0,233.5,0.0,233.5
2024-01-01,S003,P0014,Groceries,South,83,202,218,25.93,0,0.0,0,0,41.5,0.0,41.5
2024-01-01,S003,P0015,Furniture,East,450,167,4,179.88,0,0.0,446,0,225.0,0.0,225.0
2024-01-01,S003,P0016,Toys,West,411,156,192,168.3,0,0.0,219,0,205.5,0.0,205.5
2024-01-01,S003,P0017,Clothing,South,351,60,84,135.93,0,0.0,267,0,175.5,0.0,175.5
2024-01-01,S003,P0018,Toys,West,350,107,38,374.68,0,24.680000000000007,312,0,175.0,49.360000000000014,224.36
2024-01-01,S003,P0019,Clothing,South,264,152,237,37.05,0,0.0,27,0,132.0,0.0,132.0
2024-01-01,S003,P0020,Groceries,South,170,157,27,123.89,0,0.0,143,0,85.0,0.0,85.0
2024-01-01,S003,P0021,Electronics,East,502,185,289,0.0,0,0.0,213,0,251.0,0.0,251.0
2024-01-01,S003,P0022,Furniture,North,355,81,24,329.93,0,0.0,331,0,177.5,0.0,177.5
2024-01-01,S003,P0023,Furniture,North,396,29,34,17.14,0,0.0,362,0,198.0,0.0,198.0
2024-01-01,S003,P0024,Clothing,West,206,177,238,64.88,0,0.0,0,0,103.0,0.0,103.0
2024-01-01,S003,P0025,Electronics,North,360,182,49,269.72,0,0.0,311,0,180.0,0.0,180.0
2024-01-01,S003,P0026,Clothing,West,141,177,132,70.24,0,0.0,9,0,70.5,0.0,70.5
2024-01-01,S003,P0027,Furniture,West,486,122,393,102.84,0,0.0,93,0,243.0,0.0,243.0
2024-01-01,S003,P0028,Groceries,East,338,128,79,150.19,0,0.0,259,0,169.0,0.0,169.0
2024-01-01,S003,P0029,Toys,North,302,176,60,199.03,0,0.0,242,0,151.0,0.0,151.0
2024-01-01,S003,P0030,Groceries,East,488,136,196,124.54,0,0.0,292,0,244.0,0.0,244.0
2024-01-01,S003,P0031,Furniture,South,410,172,456,148.81,0,0.0,0,0,205.0,0.0,205.0
2024-01-01,S003,P0032,Furniture,East,47,47,93,58.57,0,11.57,0,0,23.5,23.14,46.64
2024-01-01,S003,P0033,Clothing,East,295,38,231,197.77,0,0.0,64,0,147.5,0.0,147.5
2024-01-01,S003,P0034,Groceries,East,313,148,6,28.06,0,0.0,307,0,156.5,0.0,156.5
2024-01-01,S003,P0035,Clothing,East,300,43,453,130.48,0,0.0,0,0,150.0,0.0,150.0
2024-01-01,S003,P0036,Electronics,North,349,175,32,159.71,0,0.0,317,0,174.5,0.0,174.5
2024-01-01,S003,P0037,Toys,North,414,63,65,144.85,0,0.0,349,0,207.0,0.0,207.0
2024-01-01,S003,P0038,Groceries,North,376,156,0,2.96,0,0.0,376,0,188.0,0.0,188.0
2024-01-01,S003,P0039,Electronics,South,255,111,112,132.84,0,0.0,143,0,127.5,0.0,127.5
2024-01-01,S003,P0040,Groceries,South,410,138,299,131.19,0,0.0,111,0,205.0,0.0,205.0
2024-01-01,S003,P0041,Electronics,North,478,81,121,10.3,0,0.0,357,0,239.0,0.0,239.0
2024-01-01,S003,P0042,Furniture,East,410,158,377,107.06,0,0.0,33,0,205.0,0.0,205.0
2024-01-01,S003,P0043,Groceries,North,181,87,37,397.76,0,216.76,144,0,90.5,433.52,524.02
2024-01-01,S003,P0044,Toys,East,408,110,148,117.97,0,0.0,260,0,204.0,0.0,204.0
2024-01-01,S003,P0045,Clothing,West,467,161,75,121.39,0,0.0,392,0,233.5,0.0,233.5
2024-01-01,S003,P0046,Clothing,West,341,68,27,108.51,0,0.0,314,0,170.5,0.0,170.5
2024-01-01,S003,P0047,Furniture,North,245,90,225,194.28,0,0.0,20,0,122.5,0.0,122.5
2024-01-01,S003,P0048,Furniture,North,160,153,46,27.63,0,0.0,114,0,80.0,0.0,80.0
2024-01-01,S003,P0049,Furniture,East,332,103,239,66.28,0,0.0,93,0,166.0,0.0,166.0
2024-01-01,S003,P0050,Clothing,South,179,102,132,89.09,0,0.0,47,0,89.5,0.0,89.5
2024-01-01,S003,P0051,Electronics,North,359,40,350,274.69,0,0.0,9,0,179.5,0.0,179.5
2024-01-01,S003,P0052,Groceries,North,235,137,129,221.97,0,0.0,106,0,117.5,0.0,117.5
2024-01-01,S003,P0053,Clothing,West,468,149,234,60.77,0,0.0,234,0,234.0,0.0,234.0
2024-01-01,S003,P0054,Electronics,South,340,106,278,40.23,0,0.0,62,0,170.0,0.0,170.0
2024-01-01,S003,P0055,Electronics,North,464,187,357,205.12,0,0.0,107,0,232.0,0.0,232.0
2024-01-01,S003,P0056,Clothing,South,151,175,357,175.6,0,24.599999999999994,0,0,75.5,49.19999999999999,124.69999999999999
2024-01-01,S003,P0057,Toys,West,92,157,420,205.72,0,113.72,0,0,46.0,227.44,273.44
2024-01-01,S003,P0058,Electronics,North,344,53,55,152.7,0,0.0,289,0,172.0,0.0,172.0
2024-01-01,S003,P0059,Toys,South,458,207,58,142.85,0,0.0,400,0,229.0,0.0,229.0
2024-01-01,S003,P0060,Electronics,East,285,126,21,392.6,0,107.60000000000002,264,0,142.5,215.20000000000005,357.70000000000005
2024-01-01,S003,P0061,Electronics,South,461,42,176,328.46,0,0.0,285,0,230.5,0.0,230.5
2024-01-01,S003,P0062,Electronics,West,152,88,9,381.66,0,229.66000000000003,143,0,76.0,459.32000000000005,535.32
2024-01-01,S003,P0063,Furniture,West,278,186,162,249.8,0,0.0,116,0,139.0,0.0,139.0
2024-01-01,S003,P0064,Furniture,East,353,208,199,86.24,0,0.0,154,0,176.5,0.0,176.5
2024-01-01,S003,P0065,Groceries,West,307,69,269,312.7,0,5.699999999999989,38,0,153.5,11.399999999999977,164.89999999999998
2024-01-01,S003,P0066,Toys,North,344,171,5,65.13,0,0.0,339,0,172.0,0.0,172.0
2024-01-01,S003,P0067,Toys,East,306,43,180,102.38,0,0.0,126,0,153.0,0.0,153.0
2024-01-01,S003,P0068,Toys,East,59,72,96,31.73,0,0.0,0,0,29.5,0.0,29.5
2024-01-01,S003,P0069,Toys,East,275,66,215,59.38,0,0.0,60,0,137.5,0.0,137.5
2024-01-01,S003,P0070,Toys,North,129,158,118,153.09,0,24.090000000000003,11,0,64.5,48.18000000000001,112.68
2024-01-01,S003,P0071,Groceries,North,379,177,11,283.95,0,0.0,368,0,189.5,0.0,189.5
2024-01-01,S003,P0072,Clothing,North,389,160,56,274.74,0,0.0,333,0,194.5,0.0,194.5
2024-01-01,S003,P0073,Groceries,South,280,157,27,341.42,0,61.420000000000016,253,0,140.0,122.84000000000003,262.84000000000003
2024-01-01,S003,P0074,Groceries,South,321,64,147,216.99,0,0.0,174,0,160.5,0.0,160.5
2024-01-01,S003,P0075,Furniture,South,131,71,352,208.86,0,77.86000000000001,0,0,65.5,155.72000000000003,221.22000000000003
2024-01-01,S004,P0001,Electronics,East,120,94,403,307.2,0,187.2,0,0,60.0,374.4,434.4
2024-01-01,S004,P0002,Groceries,West,160,151,296,64.37,0,0.0,0,0,80.0,0.0,80.0
2024-01-01,S004,P0003,Electronics,North,191,183,29,32.09,0,0.0,162,0,95.5,0.0,95.5
2024-01-01,S004,P0004,Clothing,South,281,68,378,32.89,0,0.0,0,0,140.5,0.0,140.5
2024-01-01,S004,P0005,Toys,East,155,120,189,216.26,0,61.25999999999999,0,0,77.5,122.51999999999998,200.01999999999998
2024-01-01,S004,P0006,Toys,South,171,85,156,52.08,0,0.0,15,0,85.5,0.0,85.5
2024-01-01,S004,P0007,Groceries,South,374,88,5,82.04,0,0.0,369,0,187.0,0.0,187.0
2024-01-01,S004,P0008,Furniture,North,216,199,141,119.16,0,0.0,75,0,108.0,0.0,108.0
2024-01-01,S004,P0009,Electronics,West,141,136,52,39.61,0,0.0,89,0,70.5,0.0,70.5
2024-01-01,S004,P0010,Groceries,West,167,136,63,127.59,0,0.0,104,0,83.5,0.0,83.5
2024-01-01,S004,P0011,Groceries,East,241,51,14,342.77,0,101.76999999999998,227,0,120.5,203.53999999999996,324.03999999999996
2024-01-01,S004,P0012,Toys,North,454,182,357,176.61,0,0.0,97,0,227.0,0.0,227.0
2024-01-01,S004,P0013,Toys,East,138,135,310,64.06,0,0.0,0,0,69.0,0.0,69.0
2024-01-01,S004,P0014,Electronics,North,307,136,253,6.13,0,0.0,54,0,153.5,0.0,153.5
2024-01-01,S004,P0015,Toys,East,202,168,98,178.85,0,0.0,104,0,101.0,0.0,101.0
2024-01-01,S004,P0016,Furniture,North,363,171,64,42.4,0,0.0,299,0,181.5,0.0,181.5
2024-01-01,S004,P0017,Groceries,South,272,88,115,192.23,0,0.0,157,0,136.0,0.0,136.0
2024-01-01,S004,P0018,Electronics,North,94,158,28,359.98,0,265.98,66,0,47.0,531.96,578.96
2024-01-01,S004,P0019,Furniture,West,119,170,213,0.19,0,0.0,0,0,59.5,0.0,59.5
2024-01-01,S004,P0020,Electronics,South,380,121,177,133.06,0,0.0,203,0,190.0,0.0,190.0
2024-01-01,S004,P0021,Toys,East,93,75,145,238.63,0,145.63,0,0,46.5,291.26,337.76
2024-01-01,S004,P0022,Clothing,West,470,54,0,160.0,0,0.0,470,0,235.0,0.0,235.0
2024-01-01,S004,P0023,Furniture,North,298,147,21,257.86,0,0.0,277,0,149.0,0.0,149.0
2024-01-01,S004,P0024,Groceries,South,320,189,307,97.6,0,0.0,13,0,160.0,0.0,160.0
2024-01-01,S004,P0025,Furniture,South,215,59,30,194.52,0,0.0,185,0,107.5,0.0,107.5
2024-01-01,S004,P0026,Furniture,West,345,176,38,144.16,0,0.0,307,0,172.5,0.0,172.5
2024-01-01,S004,P0027,Toys,West,183,44,31,277.81,0,94.81,152,0,91.5,189.62,281.12
2024-01-01,S004,P0028,Clothing,East,432,151,0,195.64,0,0.0,432,0,216.0,0.0,216.0
2024-01-01,S004,P0029,Groceries,East,309,79,22,40.06,0,0.0,287,0,154.5,0.0,154.5
2024-01-01,S004,P0030,Groceries,North,379,32,97,80.77,0,0.0,282,0,189.5,0.0,189.5
2024-01-01,S004,P0031,Electronics,North,361,96,282,25.52,0,0.0,79,0,180.5,0.0,180.5
2024-01-01,S004,P0032,Furniture,West,413,105,0,12.53,0,0.0,413,0,206.5,0.0,206.5
2024-01-01,S004,P0033,Clothing,East,301,87,293,136.71,0,0.0,8,0,150.5,0.0,150.5
2024-01-01,S004,P0034,Groceries,South,268,90,66,242.0,0,0.0,202,0,134.0,0.0,134.0
2024-01-01,S004,P0035,Toys,East,347,73,46,35.14,0,0.0,301,0,173.5,0.0,173.5
2024-01-01,S004,P0036,Electronics,North,246,112,19,119.35,0,0.0,227,0,123.0,0.0,123.0
2024-01-01,S004,P0037,Furniture,West,292,175,41,19.21,0,0.0,251,0,146.0,0.0,146.0
2024-01-01,S004,P0038,Electronics,North,319,128,135,162.89,0,0.0,184,0,159.5,0.0,159.5
2024-01-01,S004,P0039,Groceries,North,148,109,291,46.35,0,0.0,0,0,74.0,0.0,74.0
2024-01-01,S004,P0040,Furniture,West,304,86,124,285.92,0,0.0,180,0,152.0,0.0,152.0
2024-01-01,S004,P0041,Electronics,West,448,201,415,73.67,0,0.0,33,0,224.0,0.0,224.0
2024-01-01,S004,P0042,Toys,East,263,147,251,36.57,0,0.0,12,0,131.5,0.0,131.5
2024-01-01,S004,P0043,Electronics,South,132,49,98,108.06,0,0.0,34,0,66.0,0.0,66.0
2024-01-01,S004,P0044,Toys,West,91,30,145,161.11,0,70.11000000000001,0,0,45.5,140.22000000000003,185.72000000000003
2024-01-01,S004,P0045,Clothing,East,175,62,0,19.46,0,0.0,175,0,87.5,0.0,87.5
2024-01-01,S004,P0046,Electronics,South,166,176,48,60.98,0,0.0,118,0,83.0,0.0,83.0
2024-01-01,S004,P0047,Groceries,West,486,161,125,424.34,0,0.0,361,0,243.0,0.0,243.0
2024-01-01,S004,P0048,Toys,East,106,58,469,0.88,0,0.0,0,0,53.0,0.0,53.0
2024-01-01,S004,P0049,Groceries,North,307,178,97,45.44,0,0.0,210,0,153.5,0.0,153.5
2024-01-01,S004,P0050,Electronics,East,199,78,188,76.92,0,0.0,11,0,99.5,0.0,99.5
2024-01-01,S004,P0051,Furniture,North,356,64,128,99.04,0,0.0,228,0,178.0,0.0,178.0
2024-01-01,S004,P0052,Groceries,North,475,60,218,72.46,0,0.0,257,0,237.5,0.0,237.5
2024-01-01,S004,P0053,Electronics,East,75,80,38,12.74,0,0.0,37,0,37.5,0.0,37.5
2024-01-01,S004,P0054,Electronics,West,473,167,22,73.77,0,0.0,451,0,236.5,0.0,236.5
2024-01-01,S004,P0055,Electronics,North,260,53,16,331.46,0,71.45999999999998,244,0,130.0,142.91999999999996,272.91999999999996
2024-01-01,S004,P0056,Clothing,North,172,174,25,185.73,0,13.72999999999999,147,0,86.0,27.45999999999998,113.45999999999998
2024-01-01,S004,P0057,Clothing,East,248,134,8,92.71,0,0.0,240,0,124.0,0.0,124.0
2024-01-01,S004,P0058,Electronics,West,237,56,218,15.11,0,0.0,19,0,118.5,0.0,118.5
2024-01-01,S004,P0059,Groceries,South,242,182,174,142.89,0,0.0,68,0,121.0,0.0,121.0
2024-01-01,S004,P0060,Groceries,West,171,48,202,40.7,0,0.0,0,0,85.5,0.0,85.5
2024-01-01,S004,P0061,Groceries,East,59,73,94,26.59,0,0.0,0,0,29.5,0.0,29.5
2024-01-01,S004,P0062,Electronics,East,173,93,163,43.96,0,0.0,10,0,86.5,0.0,86.5
2024-01-01,S004,P0063,Groceries,South,267,115,42,80.81,0,0.0,225,0,133.5,0.0,133.5
2024-01-01,S004,P0064,Electronics,South,336,59,106,9.36,0,0.0,230,0,168.0,0.0,168.0
2024-01-01,S004,P0065,Toys,South,249,97,152,166.64,0,0.0,97,0,124.5,0.0,124.5
2024-01-01,S004,P0066,Electronics,South,437,64,93,314.24,0,0.0,344,0,218.5,0.0,218.5
2024-01-01,S004,P0067,Groceries,West,286,124,230,72.1,0,0.0,56,0,143.0,0.0,143.0
2024-01-01,S004,P0068,Clothing,South,207,110,274,94.43,0,0.0,0,0,103.5,0.0,103.5
2024-01-01,S004,P0069,Furniture,East,121,61,76,5.28,0,0.0,45,0,60.5,0.0,60.5
2024-01-01,S004,P0070,Groceries,North,273,99,256,133.96,0,0.0,17,0,136.5,0.0,136.5
2024-01-01,S004,P0071,Electronics,North,268,75,151,307.44,0,39.44,117,0,134.0,78.88,212.88
2024-01-01,S004,P0072,Toys,South,460,45,204,371.11,0,0.0,256,0,230.0,0.0,230.0
2024-01-01,S004,P0073,Furniture,West,210,51,309,168.11,0,0.0,0,0,105.0,0.0,105.0
2024-01-01,S004,P0074,Groceries,West,454,186,233,21.92,0,0.0,221,0,227.0,0.0,227.0
2024-01-01,S004,P0075,Furniture,West,473,181,77,49.5,0,0.0,396,0,236.5,0.0,236.5
2024-01-01,S005,P0001,Clothing,South,454,12,0,63.78,0,0.0,454,0,227.0,0.0,227.0
2024-01-01,S005,P0002,Groceries,North,322,128,130,170.36,0,0.0,192,0,161.0,0.0,161.0
2024-01-01,S005,P0003,Toys,South,462,18,136,148.32,0,0.0,326,0,231.0,0.0,231.0
2024-01-01,S005,P0004,Electronics,West,408,143,149,146.18,0,0.0,259,0,204.0,0.0,204.0
2024-01-01,S005,P0005,Clothing,South,267,55,89,30.81,0,0.0,178,0,133.5,0.0,133.5
2024-01-01,S005,P0006,Groceries,North,380,75,86,286.28,0,0.0,294,0,190.0,0.0,190.0
2024-01-01,S005,P0007,Toys,South,425,148,22,35.21,0,0.0,403,0,212.5,0.0,212.5
2024-01-01,S005,P0008,Furniture,South,196,100,297,91.33,0,0.0,0,0,98.0,0.0,98.0
2024-01-01,S005,P0009,Toys,East,52,89,65,99.27,0,47.269999999999996,0,0,26.0,94.53999999999999,120.53999999999999
2024-01-01,S005,P0010,Clothing,South,148,99,16,63.81,0,0.0,132,0,74.0,0.0,74.0
2024-01-01,S005,P0011,Clothing,North,83,127,104,77.38,0,0.0,0,0,41.5,0.0,41.5
2024-01-01,S005,P0012,Electronics,North,132,150,81,237.31,0,105.31,51,0,66.0,210.62,276.62
2024-01-01,S005,P0013,Furniture,West,484,127,141,31.55,0,0.0,343,0,242.0,0.0,242.0
2024-01-01,S005,P0014,Groceries,West,87,106,0,173.59,0,86.59,87,0,43.5,173.18,216.68
2024-01-01,S005,P0015,Toys,East,425,69,84,282.11,0,0.0,341,0,212.5,0.0,212.5
2024-01-01,S005,P0016,Furniture,North,502,171,407,32.09,0,0.0,95,0,251.0,0.0,251.0
2024-01-01,S005,P0017,Electronics,East,393,192,212,164.6,0,0.0,181,0,196.5,0.0,196.5
2024-01-01,S005,P0018,Toys,West,281,152,307,212.93,0,0.0,0,0,140.5,0.0,140.5
2024-01-01,S005,P0019,Groceries,South,128,202,34,22.29,0,0.0,94,0,64.0,0.0,64.0
2024-01-01,S005,P0020,Furniture,North,86,128,40,325.71,0,239.70999999999998,46,0,43.0,479.41999999999996,522.42
2024-01-01,S005,P0021,Furniture,East,321,51,11,224.81,0,0.0,310,0,160.5,0.0,160.5
2024-01-01,S005,P0022,Electronics,East,331,182,122,58.23,0,0.0,209,0,165.5,0.0,165.5
2024-01-01,S005,P0023,Clothing,West,115,37,0,315.73,0,200.73000000000002,115,0,57.5,401.46000000000004,458.96000000000004
2024-01-01,S005,P0024,Electronics,North,409,68,81,206.65,0,0.0,328,0,204.5,0.0,204.5
2024-01-01,S005,P0025,Toys,South,206,31,136,54.83,0,0.0,70,0,103.0,0.0,103.0
2024-01-01,S005,P0026,Toys,North,378,193,190,378.45,0,0.44999999999998863,188,0,189.0,0.8999999999999773,189.89999999999998
2024-01-01,S005,P0027,Furniture,West,463,165,0,283.44,0,0.0,463,0,231.5,0.0,231.5
2024-01-01,S005,P0028,Toys,West,304,115,80,163.7,0,0.0,224,0,152.0,0.0,152.0
2024-01-01,S005,P0029,Clothing,West,334,129,373,42.06,0,0.0,0,0,167.0,0.0,167.0
2024-01-01,S005,P0030,Electronics,West,285,50,129,82.83,0,0.0,156,0,142.5,0.0,142.5
2024-01-01,S005,P0031,Electronics,North,422,115,61,32.59,0,0.0,361,0,211.0,0.0,211.0
2024-01-01,S005,P0032,Furniture,East,67,143,159,215.96,0,148.96,0,0,33.5,297.92,331.42
2024-01-01,S005,P0033,Electronics,West,209,32,0,81.25,0,0.0,209,0,104.5,0.0,104.5
2024-01-01,S005,P0034,Electronics,East,62,147,60,78.77,0,16.769999999999996,2,0,31.0,33.53999999999999,64.53999999999999
2024-01-01,S005,P0035,Furniture,North,436,60,241,119.07,0,0.0,195,0,218.0,0.0,218.0
2024-01-01,S005,P0036,Electronics,South,363,151,376,102.82,0,0.0,0,0,181.5,0.0,181.5
2024-01-01,S005,P0037,Electronics,West,500,38,109,77.42,0,0.0,391,0,250.0,0.0,250.0
2024-01-01,S005,P0038,Toys,South,83,54,0,131.82,0,48.81999999999999,83,0,41.5,97.63999999999999,139.14
2024-01-01,S005,P0039,Groceries,West,108,204,236,230.2,0,122.19999999999999,0,0,54.0,244.39999999999998,298.4
2024-01-01,S005,P0040,Furniture,East,474,139,163,68.05,0,0.0,311,0,237.0,0.0,237.0
2024-01-01,S005,P0041,Clothing,East,418,85,131,110.87,0,0.0,287,0,209.0,0.0,209.0
2024-01-01,S005,P0042,Electronics,North,94,24,203,90.25,0,0.0,0,0,47.0,0.0,47.0
2024-01-01,S005,P0043,Furniture,East,249,71,78,107.09,0,0.0,171,0,124.5,0.0,124.5
2024-01-01,S005,P0044,Clothing,North,438,89,76,86.72,0,0.0,362,0,219.0,0.0,219.0
2024-01-01,S005,P0045,Electronics,South,189,159,128,26.26,0,0.0,61,0,94.5,0.0,94.5
2024-01-01,S005,P0046,Groceries,North,341,133,203,323.73,0,0.0,138,0,170.5,0.0,170.5
2024-01-01,S005,P0047,Groceries,North,412,132,80,75.95,0,0.0,332,0,206.0,0.0,206.0
2024-01-01,S005,P0048,Groceries,West,138,187,74,72.49,0,0.0,64,0,69.0,0.0,69.0
2024-01-01,S005,P0049,Electronics,North,104,144,65,280.54,0,176.54000000000002,39,0,52.0,353.08000000000004,405.08000000000004
2024-01-01,S005,P0050,Toys,South,370,125,17,49.71,0,0.0,353,0,185.0,0.0,185.0
2024-01-01,S005,P0051,Groceries,West,207,98,83,358.13,0,151.13,124,0,103.5,302.26,405.76
2024-01-01,S005,P0052,Electronics,North,307,169,80,148.75,0,0.0,227,0,153.5,0.0,153.5
2024-01-01,S005,P0053,Clothing,South,504,169,61,11.2,0,0.0,443,0,252.0,0.0,252.0
2024-01-01,S005,P0054,Furniture,North,204,71,58,22.69,0,0.0,146,0,102.0,0.0,102.0
2024-01-01,S005,P0055,Clothing,North,130,172,64,42.49,0,0.0,66,0,65.0,0.0,65.0
2024-01-01,S005,P0056,Toys,West,172,97,66,441.85,0,269.85,106,0,86.0,539.7,625.7
2024-01-01,S005,P0057,Clothing,West,181,59,237,81.81,0,0.0,0,0,90.5,0.0,90.5
2024-01-01,S005,P0058,Furniture,South,387,123,131,216.91,0,0.0,256,0,193.5,0.0,193.5
2024-01-01,S005,P0059,Toys,South,462,152,239,11.88,0,0.0,223,0,231.0,0.0,231.0
2024-01-01,S005,P0060,Toys,West,208,131,257,104.11,0,0.0,0,0,104.0,0.0,104.0
2024-01-01,S005,P0061,Electronics,North,452,139,199,126.6,0,0.0,253,0,226.0,0.0,226.0
2024-01-01,S005,P0062,Clothing,West,433,48,327,163.46,0,0.0,106,0,216.5,0.0,216.5
2024-01-01,S005,P0063,Electronics,West,396,61,85,292.15,0,0.0,311,0,198.0,0.0,198.0
2024-01-01,S005,P0064,Electronics,South,226,78,35,66.25,0,0.0,191,0,113.0,0.0,113.0
2024-01-01,S005,P0065,Toys,South,107,72,244,122.16,0,15.159999999999997,0,0,53.5,30.319999999999993,83.82
2024-01-01,S005,P0066,Groceries,North,119,67,132,73.28,0,0.0,0,0,59.5,0.0,59.5
2024-01-01,S005,P0067,Toys,East,472,99,332,121.95,0,0.0,140,0,236.0,0.0,236.0
2024-01-01,S005,P0068,Groceries,West,209,209,20,181.53,0,0.0,189,0,104.5,0.0,104.5
2024-01-01,S005,P0069,Electronics,North,322,126,432,283.13,0,0.0,0,0,161.0,0.0,161.0
2024-01-01,S005,P0070,Furniture,West,243,44,198,215.13,0,0.0,45,0,121.5,0.0,121.5
2024-01-01,S005,P0071,Electronics,East,420,66,229,62.77,0,0.0,191,0,210.0,0.0,210.0
2024-01-01,S005,P0072,Groceries,East,256,185,0,125.15,0,0.0,256,0,128.0,0.0,128.0
2024-01-01,S005,P0073,Groceries,West,300,133,189,3.14,0,0.0,111,0,150.0,0.0,150.0
2024-01-01,S005,P0074,Electronics,West,465,35,106,271.71,0,0.0,359,0,232.5,0.0,232.5
2024-01-01,S005,P0075,Toys,West,121,105,316,429.1,0,308.1,0,0,60.5,616.2,676.7
2024-01-01,S006,P0001,Furniture,North,332,113,20,258.31,0,0.0,312,0,166.0,0.0,166.0
2024-01-01,S006,P0002,Groceries,East,301,86,0,21.61,0,0.0,301,0,150.5,0.0,150.5
2024-01-01,S006,P0003,Furniture,East,204,119,12,90.36,0,0.0,192,0,102.0,0.0,102.0
2024-01-01,S006,P0004,Electronics,East,250,133,71,114.5,0,0.0,179,0,125.0,0.0,125.0
2024-01-01,S006,P0005,Furniture,West,370,156,158,188.81,0,0.0,212,0,185.0,0.0,185.0
2024-01-01,S006,P0006,Clothing,North,347,90,243,205.4,0,0.0,104,0,173.5,0.0,173.5
2024-01-01,S006,P0007,Electronics,North,323,102,40,333.06,0,10.060000000000002,283,0,161.5,20.120000000000005,181.62
2024-01-01,S006,P0008,Clothing,South,187,196,74,307.04,0,120.04000000000002,113,0,93.5,240.08000000000004,333.58000000000004
2024-01-01,S006,P0009,Groceries,West,408,70,130,176.51,0,0.0,278,0,204.0,0.0,204.0
2024-01-01,S006,P0010,Furniture,South,304,74,209,468.56,0,164.56,95,0,152.0,329.12,481.12
2024-01-01,S006,P0011,Toys,West,159,181,130,26.55,0,0.0,29,0,79.5,0.0,79.5
2024-01-01,S006,P0012,Clothing,South,200,129,236,105.72,0,0.0,0,0,100.0,0.0,100.0
2024-01-01,S006,P0013,Electronics,West,75,196,101,218.85,0,143.85,0,0,37.5,287.7,325.2
2024-01-01,S006,P0014,Clothing,West,295,75,166,203.97,0,0.0,129,0,147.5,0.0,147.5
2024-01-01,S006,P0015,Clothing,East,214,74,88,177.09,0,0.0,126,0,107.0,0.0,107.0
2024-01-01,S006,P0016,Groceries,West,438,185,180,71.96,0,0.0,258,0,219.0,0.0,219.0
2024-01-01,S006,P0017,Groceries,East,234,135,39,127.09,0,0.0,195,0,117.0,0.0,117.0
2024-01-01,S006,P0018,Toys,East,504,55,78,87.3,0,0.0,426,0,252.0,0.0,252.0
2024-01-01,S006,P0019,Groceries,West,383,169,307,30.16,0,0.0,76,0,191.5,0.0,191.5
2024-01-01,S006,P0020,Groceries,East,495,18,0,184.97,0,0.0,495,0,247.5,0.0,247.5
2024-01-01,S006,P0021,Electronics,North,181,163,229,179.53,0,0.0,0,0,90.5,0.0,90.5
2024-01-01,S006,P0022,Electronics,East,135,69,63,252.32,0,117.32,72,0,67.5,234.64,302.14
2024-01-01,S006,P0023,Toys,South,239,68,330,168.1,0,0.0,0,0,119.5,0.0,119.5
2024-01-01,S006,P0024,Furniture,South,171,118,0,292.64,0,121.63999999999999,171,0,85.5,243.27999999999997,328.78
2024-01-01,S006,P0025,Groceries,North,97,78,307,170.73,0,73.72999999999999,0,0,48.5,147.45999999999998,195.95999999999998
2024-01-01,S006,P0026,Electronics,North,336,181,26,20.7,0,0.0,310,0,168.0,0.0,168.0
2024-01-01,S006,P0027,Clothing,East,330,155,39,51.1,0,0.0,291,0,165.0,0.0,165.0
2024-01-01,S006,P0028,Toys,North,152,163,71,163.52,0,11.52000000000001,81,0,76.0,23.04000000000002,99.04000000000002
2024-01-01,S006,P0029,Toys,South,205,111,207,13.94,0,0.0,0,0,102.5,0.0,102.5
2024-01-01,S006,P0030,Toys,North,132,19,4,10.13,0,0.0,128,0,66.0,0.0,66.0
2024-01-01,S006,P0031,Toys,West,470,136,90,135.12,0,0.0,380,0,235.0,0.0,235.0
2024-01-01,S006,P0032,Electronics,West,183,107,365,64.54,0,0.0,0,0,91.5,0.0,91.5
2024-01-01,S006,P0033,Toys,South,446,164,101,3.33,0,0.0,345,0,223.0,0.0,223.0
2024-01-01,S006,P0034,Electronics,North,114,128,163,215.12,0,101.12,0,0,57.0,202.24,259.24
2024-01-01,S006,P0035,Groceries,North,108,41,280,47.02,0,0.0,0,0,54.0,0.0,54.0
2024-01-01,S006,P0036,Electronics,East,511,107,286,32.83,0,0.0,225,0,255.5,0.0,255.5
2024-01-01,S006,P0037,Clothing,East,237,160,86,18.12,0,0.0,151,0,118.5,0.0,118.5
2024-01-01,S006,P0038,Furniture,South,204,179,231,280.48,0,76.48000000000002,0,0,102.0,152.96000000000004,254.96000000000004
2024-01-01,S006,P0039,Toys,North,125,171,39,88.22,0,0.0,86,0,62.5,0.0,62.5
2024-01-01,S006,P0040,Furniture,West,422,21,119,10.07,0,0.0,303,0,211.0,0.0,211.0
2024-01-01,S006,P0041,Toys,North,151,184,60,256.1,0,105.10000000000002,91,0,75.5,210.20000000000005,285.70000000000005
2024-01-01,S006,P0042,Furniture,North,79,62,85,91.87,0,12.870000000000005,0,0,39.5,25.74000000000001,65.24000000000001
2024-01-01,S006,P0043,Clothing,West,422,157,157,25.56,0,0.0,265,0,211.0,0.0,211.0
2024-01-01,S006,P0044,Groceries,North,446,45,108,32.55,0,0.0,338,0,223.0,0.0,223.0
2024-01-01,S006,P0045,Groceries,West,249,74,24,61.83,0,0.0,225,0,124.5,0.0,124.5
2024-01-01,S006,P0046,Groceries,North,94,189,11,362.82,0,268.82,83,0,47.0,537.64,584.64
2024-01-01,S006,P0047,Electronics,East,496,66,31,76.24,0,0.0,465,0,248.0,0.0,248.0
2024-01-01,S006,P0048,Toys,West,169,155,159,9.34,0,0.0,10,0,84.5,0.0,84.5
2024-01-01,S006,P0049,Groceries,East,450,176,33,316.39,0,0.0,417,0,225.0,0.0,225.0
2024-01-01,S006,P0050,Toys,North,336,132,123,58.94,0,0.0,213,0,168.0,0.0,168.0
2024-01-01,S006,P0051,Groceries,West,386,188,210,154.67,0,0.0,176,0,193.0,0.0,193.0
2024-01-01,S006,P0052,Furniture,West,274,36,0,54.08,0,0.0,274,0,137.0,0.0,137.0
2024-01-01,S006,P0053,Electronics,North,412,61,134,20.6,0,0.0,278,0,206.0,0.0,206.0
2024-01-01,S006,P0054,Groceries,East,366,127,130,77.21,0,0.0,236,0,183.0,0.0,183.0
2024-01-01,S006,P0055,Clothing,South,468,193,94,216.21,0,0.0,374,0,234.0,0.0,234.0
2024-01-01,S006,P0056,Electronics,West,351,145,5,100.54,0,0.0,346,0,175.5,0.0,175.5
2024-01-01,S006,P0057,Groceries,West,137,191,154,152.01,0,15.009999999999991,0,0,68.5,30.019999999999982,98.51999999999998
2024-01-01,S006,P0058,Furniture,East,327,108,212,280.99,0,0.0,115,0,163.5,0.0,163.5
2024-01-01,S006,P0059,Electronics,East,278,42,126,129.24,0,0.0,152,0,139.0,0.0,139.0
2024-01-01,S006,P0060,Toys,East,105,185,47,44.97,0,0.0,58,0,52.5,0.0,52.5
2024-01-01,S006,P0061,Electronics,North,354,132,72,83.98,0,0.0,282,0,177.0,0.0,177.0
2024-01-01,S006,P0062,Groceries,South,276,141,393,52.91,0,0.0,0,0,138.0,0.0,138.0
2024-01-01,S006,P0063,Clothing,North,304,157,217,146.38,0,0.0,87,0,152.0,0.0,152.0
2024-01-01,S006,P0064,Clothing,East,380,18,67,23.69,0,0.0,313,0,190.0,0.0,190.0
2024-01-01,S006,P0065,Toys,West,79,121,142,284.3,0,205.3,0,0,39.5,410.6,450.1
2024-01-01,S006,P0066,Groceries,North,408,62,72,32.8,0,0.0,336,0,204.0,0.0,204.0
2024-01-01,S006,P0067,Electronics,West,514,150,202,72.91,0,0.0,312,0,257.0,0.0,257.0
2024-01-01,S006,P0068,Groceries,South,133,120,76,459.79,0,326.79,57,0,66.5,653.58,720.08
2024-01-01,S006,P0069,Toys,West,338,77,35,202.39,0,0.0,303,0,169.0,0.0,169.0
2024-01-01,S006,P0070,Clothing,East,490,69,135,296.91,0,0.0,355,0,245.0,0.0,245.0
2024-01-01,S006,P0071,Groceries,North,217,122,52,355.89,0,138.89,165,0,108.5,277.78,386.28
2024-01-01,S006,P0072,Electronics,West,342,110,210,239.46,0,0.0,132,0,171.0,0.0,171.0
2024-01-01,S006,P0073,Furniture,West,350,102,186,118.93,0,0.0,164,0,175.0,0.0,175.0
2024-01-01,S006,P0074,Furniture,North,481,166,78,105.93,0,0.0,403,0,240.5,0.0,240.5
2024-01-01,S006,P0075,Electronics,South,155,201,27,65.41,0,0.0,128,0,77.5,0.0,77.5
2024-01-01,S007,P0001,Clothing,East,275,112,126,170.74,0,0.0,149,0,137.5,0.0,137.5
2024-01-01,S007,P0002,Toys,West,188,44,65,10.93,0,0.0,123,0,94.0,0.0,94.0
2024-01-01,S007,P0003,Clothing,South,197,161,113,166.89,0,0.0,84,0,98.5,0.0,98.5
2024-01-01,S007,P0004,Groceries,West,438,94,247,0.0,0,0.0,191,0,219.0,0.0,219.0
2024-01-01,S007,P0005,Furniture,North,136,168,140,7.28,0,0.0,0,0,68.0,0.0,68.0
2024-01-01,S007,P0006,Toys,North,274,96,200,75.84,0,0.0,74,0,137.0,0.0,137.0
2024-01-01,S007,P0007,Electronics,West,239,161,52,313.92,0,74.92000000000002,187,0,119.5,149.84000000000003,269.34000000000003
2024-01-01,S007,P0008,Toys,West,432,91,28,127.38,0,0.0,404,0,216.0,0.0,216.0
2024-01-01,S007,P0009,Toys,South,218,93,162,118.44,0,0.0,56,0,109.0,0.0,109.0
2024-01-01,S007,P0010,Electronics,East,209,139,63,75.3,0,0.0,146,0,104.5,0.0,104.5
2024-01-01,S007,P0011,Toys,North,256,22,21,43.8,0,0.0,235,0,128.0,0.0,128.0
2024-01-01,S007,P0012,Groceries,South,378,159,62,191.17,0,0.0,316,0,189.0,0.0,189.0
2024-01-01,S007,P0013,Toys,South,79,131,266,281.39,0,202.39,0,0,39.5,404.78,444.28
2024-01-01,S007,P0014,Electronics,East,201,25,114,413.99,0,212.99,87,0,100.5,425.98,526.48
2024-01-01,S007,P0015,Clothing,North,140,161,220,114.2,0,0.0,0,0,70.0,0.0,70.0
2024-01-01,S007,P0016,Clothing,North,114,76,68,213.59,0,99.59,46,0,57.0,199.18,256.18
2024-01-01,S007,P0017,Furniture,East,98,101,70,168.96,0,70.96000000000001,28,0,49.0,141.92000000000002,190.92000000000002
2024-01-01,S007,P0018,Electronics,East,59,163,155,69.89,0,10.89,0,0,29.5,21.78,51.28
2024-01-01,S007,P0019,Groceries,North,469,26,10,300.18,0,0.0,459,0,234.5,0.0,234.5
2024-01-01,S007,P0020,Electronics,East,307,166,197,315.67,0,8.670000000000016,110,0,153.5,17.340000000000032,170.84000000000003
2024-01-01,S007,P0021,Toys,West,131,132,230,244.91,0,113.91,0,0,65.5,227.82,293.32
2024-01-01,S007,P0022,Clothing,North,408,49,66,232.06,0,0.0,342,0,204.0,0.0,204.0
2024-01-01,S007,P0023,Furniture,East,305,150,118,221.61,0,0.0,187,0,152.5,0.0,152.5
2024-01-01,S007,P0024,Toys,North,231,50,48,91.88,0,0.0,183,0,115.5,0.0,115.5
2024-01-01,S007,P0025,Furniture,North,429,187,119,53.81,0,0.0,310,0,214.5,0.0,214.5
2024-01-01,S007,P0026,Toys,East,111,123,2,23.54,0,0.0,109,0,55.5,0.0,55.5
2024-01-01,S007,P0027,Groceries,East,130,126,294,29.65,0,0.0,0,0,65.0,0.0,65.0
2024-01-01,S007,P0028,Toys,West,89,195,135,144.39,0,55.389999999999986,0,0,44.5,110.77999999999997,155.27999999999997
2024-01-01,S007,P0029,Groceries,South,290,33,175,113.33,0,0.0,115,0,145.0,0.0,145.0
2024-01-01,S007,P0030,Furniture,South,483,46,177,30.69,0,0.0,306,0,241.5,0.0,241.5
2024-01-01,S007,P0031,Groceries,East,90,192,254,155.54,0,65.53999999999999,0,0,45.0,131.07999999999998,176.07999999999998
2024-01-01,S007,P0032,Toys,South,225,61,183,254.44,0,29.439999999999998,42,0,112.5,58.879999999999995,171.38
2024-01-01,S007,P0033,Groceries,East,306,26,2,126.14,0,0.0,304,0,153.0,0.0,153.0
2024-01-01,S007,P0034,Toys,East,355,124,54,146.25,0,0.0,301,0,177.5,0.0,177.5
2024-01-01,S007,P0035,Groceries,West,465,158,369,8.04,0,0.0,96,0,232.5,0.0,232.5
2024-01-01,S007,P0036,Toys,West,506,30,19,65.38,0,0.0,487,0,253.0,0.0,253.0
2024-01-01,S007,P0037,Clothing,West,328,165,3,178.96,0,0.0,325,0,164.0,0.0,164.0
2024-01-01,S007,P0038,Electronics,East,197,54,43,73.93,0,0.0,154,0,98.5,0.0,98.5
2024-01-01,S007,P0039,Groceries,South,477,147,170,41.99,0,0.0,307,0,238.5,0.0,238.5
2024-01-01,S007,P0040,Electronics,West,185,154,324,195.95,0,10.949999999999989,0,0,92.5,21.899999999999977,114.39999999999998
2024-01-01,S007,P0041,Clothing,South,387,59,79,51.59,0,0.0,308,0,193.5,0.0,193.5
2024-01-01,S007,P0042,Electronics,East,204,132,219,291.47,0,87.47000000000003,0,0,102.0,174.94000000000005,276.94000000000005
2024-01-01,S007,P0043,Toys,North,464,88,104,128.77,0,0.0,360,0,232.0,0.0,232.0
2024-01-01,S007,P0044,Groceries,South,208,91,211,4.8,0,0.0,0,0,104.0,0.0,104.0
2024-01-01,S007,P0045,Clothing,West,232,116,367,175.61,0,0.0,0,0,116.0,0.0,116.0
2024-01-01,S007,P0046,Clothing,West,216,129,45,54.7,0,0.0,171,0,108.0,0.0,108.0
2024-01-01,S007,P0047,Groceries,North,135,58,0,374.81,0,239.81,135,0,67.5,479.62,547.12
2024-01-01,S007,P0048,Electronics,East,184,67,76,95.24,0,0.0,108,0,92.0,0.0,92.0
2024-01-01,S007,P0049,Clothing,North,354,51,71,177.25,0,0.0,283,0,177.0,0.0,177.0
2024-01-01,S007,P0050,Electronics,East,170,133,171,349.04,0,179.04000000000002,0,0,85.0,358.08000000000004,443.08000000000004
2024-01-01,S007,P0051,Electronics,South,156,179,121,55.97,0,0.0,35,0,78.0,0.0,78.0
2024-01-01,S007,P0052,Toys,North,489,176,25,449.62,0,0.0,464,0,244.5,0.0,244.5
2024-01-01,S007,P0053,Toys,South,282,140,424,119.47,0,0.0,0,0,141.0,0.0,141.0
2024-01-01,S007,P0054,Groceries,East,155,42,241,44.94,0,0.0,0,0,77.5,0.0,77.5
2024-01-01,S007,P0055,Clothing,South,102,138,206,0.0,0,0.0,0,0,51.0,0.0,51.0
2024-01-01,S007,P0056,Clothing,South,337,50,79,18.76,0,0.0,258,0,168.5,0.0,168.5
2024-01-01,S007,P0057,Furniture,North,136,47,209,28.41,0,0.0,0,0,68.0,0.0,68.0
2024-01-01,S007,P0058,Clothing,North,364,32,287,44.74,0,0.0,77,0,182.0,0.0,182.0
2024-01-01,S007,P0059,Groceries,South,181,174,57,219.4,0,38.400000000000006,124,0,90.5,76.80000000000001,167.3
2024-01-01,S007,P0060,Clothing,South,74,64,66,446.5,0,372.5,8,0,37.0,745.0,782.0
2024-01-01,S007,P0061,Electronics,East,220,201,88,27.36,0,0.0,132,0,110.0,0.0,110.0
2024-01-01,S007,P0062,Clothing,East,170,186,355,24.86,0,0.0,0,0,85.0,0.0,85.0
2024-01-01,S007,P0063,Electronics,North,510,151,155,105.69,0,0.0,355,0,255.0,0.0,255.0
2024-01-01,S007,P0064,Clothing,East,185,31,19,0.0,0,0.0,166,0,92.5,0.0,92.5
2024-01-01,S007,P0065,Toys,North,57,88,39,68.77,0,11.769999999999996,18,0,28.5,23.539999999999992,52.03999999999999
2024-01-01,S007,P0066,Furniture,East,359,42,84,28.69,0,0.0,275,0,179.5,0.0,179.5
2024-01-01,S007,P0067,Toys,North,379,76,165,113.19,0,0.0,214,0,189.5,0.0,189.5
2024-01-01,S007,P0068,Furniture,East,433,159,72,190.29,0,0.0,361,0,216.5,0.0,216.5
2024-01-01,S007,P0069,Groceries,North,300,196,280,114.56,0,0.0,20,0,150.0,0.0,150.0
2024-01-01,S007,P0070,Electronics,North,450,153,4,60.3,0,0.0,446,0,225.0,0.0,225.0
2024-01-01,S007,P0071,Furniture,South,166,25,88,140.01,0,0.0,78,0,83.0,0.0,83.0
2024-01-01,S007,P0072,Electronics,North,159,195,88,495.3,0,336.3,71,0,79.5,672.6,752.1
2024-01-01,S007,P0073,Toys,South,422,126,166,267.1,0,0.0,256,0,211.0,0.0,211.0
2024-01-01,S007,P0074,Furniture,West,509,186,117,167.6,0,0.0,392,0,254.5,0.0,254.5
2024-01-01,S007,P0075,Furniture,North,462,133,170,119.75,0,0.0,292,0,231.0,0.0,231.0
2024-01-01,S008,P0001,Electronics,North,225,55,63,4.23,0,0.0,162,0,112.5,0.0,112.5
2024-01-01,S008,P0002,Toys,East,341,49,64,286.75,0,0.0,277,0,170.5,0.0,170.5
2024-01-01,S008,P0003,Toys,North,439,111,191,27.48,0,0.0,248,0,219.5,0.0,219.5
2024-01-01,S008,P0004,Electronics,North,422,156,151,85.41,0,0.0,271,0,211.0,0.0,211.0
2024-01-01,S008,P0005,Electronics,West,169,120,28,244.94,0,75.94,141,0,84.5,151.88,236.38
2024-01-01,S008,P0006,Electronics,North,477,199,17,187.63,0,0.0,460,0,238.5,0.0,238.5
2024-01-01,S008,P0007,Clothing,West,236,162,271,143.3,0,0.0,0,0,118.0,0.0,118.0
2024-01-01,S008,P0008,Furniture,South,165,107,328,256.67,0,91.67000000000002,0,0,82.5,183.34000000000003,265.84000000000003
2024-01-01,S008,P0009,Toys,West,36,64,0,243.98,0,207.98,36,0,18.0,415.96,433.96
2024-01-01,S008,P0010,Furniture,South,161,79,260,54.59,0,0.0,0,0,80.5,0.0,80.5
2024-01-01,S008,P0011,Groceries,West,277,47,102,186.69,0,0.0,175,0,138.5,0.0,138.5
2024-01-01,S008,P0012,Furniture,East,355,133,453,65.6,0,0.0,0,0,177.5,0.0,177.5
2024-01-01,S008,P0013,Electronics,East,181,159,33,150.07,0,0.0,148,0,90.5,0.0,90.5
2024-01-01,S008,P0014,Groceries,East,407,93,55,284.78,0,0.0,352,0,203.5,0.0,203.5
2024-01-01,S008,P0015,Toys,South,325,129,0,200.75,0,0.0,325,0,162.5,0.0,162.5
2024-01-01,S008,P0016,Electronics,East,197,165,308,112.0,0,0.0,0,0,98.5,0.0,98.5
2024-01-01,S008,P0017,Furniture,West,42,171,125,295.18,0,253.18,0,0,21.0,506.36,527.36
2024-01-01,S008,P0018,Groceries,East,396,121,75,154.92,0,0.0,321,0,198.0,0.0,198.0
2024-01-01,S008,P0019,Clothing,South,65,35,129,191.44,0,126.44,0,0,32.5,252.88,285.38
2024-01-01,S008,P0020,Groceries,South,461,131,0,21.46,0,0.0,461,0,230.5,0.0,230.5
2024-01-01,S008,P0021,Furniture,West,326,190,347,270.09,0,0.0,0,0,163.0,0.0,163.0
2024-01-01,S008,P0022,Groceries,North,163,26,6,133.5,0,0.0,157,0,81.5,0.0,81.5
2024-01-01,S008,P0023,Groceries,North,432,38,0,130.65,0,0.0,432,0,216.0,0.0,216.0
2024-01-01,S008,P0024,Groceries,East,176,117,59,225.36,0,49.360000000000014,117,0,88.0,98.72000000000003,186.72000000000003
2024-01-01,S008,P0025,Toys,North,250,91,81,73.12,0,0.0,169,0,125.0,0.0,125.0
2024-01-01,S008,P0026,Electronics,East,328,124,56,58.72,0,0.0,272,0,164.0,0.0,164.0
2024-01-01,S008,P0027,Groceries,North,367,78,34,234.56,0,0.0,333,0,183.5,0.0,183.5
2024-01-01,S008,P0028,Groceries,North,74,113,80,260.92,0,186.92000000000002,0,0,37.0,373.84000000000003,410.84000000000003
2024-01-01,S008,P0029,Clothing,South,438,81,155,114.71,0,0.0,283,0,219.0,0.0,219.0
2024-01-01,S008,P0030,Groceries,East,492,173,202,24.07,0,0.0,290,0,246.0,0.0,246.0
2024-01-01,S008,P0031,Groceries,South,177,79,72,48.67,0,0.0,105,0,88.5,0.0,88.5
2024-01-01,S008,P0032,Toys,North,246,42,31,10.36,0,0.0,215,0,123.0,0.0,123.0
2024-01-01,S008,P0033,Electronics,South,373,146,32,105.59,0,0.0,341,0,186.5,0.0,186.5
2024-01-01,S008,P0034,Electronics,West,285,144,23,195.49,0,0.0,262,0,142.5,0.0,142.5
2024-01-01,S008,P0035,Furniture,North,301,171,64,51.25,0,0.0,237,0,150.5,0.0,150.5
2024-01-01,S008,P0036,Furniture,West,130,130,151,119.67,0,0.0,0,0,65.0,0.0,65.0
2024-01-01,S008,P0037,Electronics,South,49,54,169,82.97,0,33.97,0,0,24.5,67.94,92.44
2024-01-01,S008,P0038,Groceries,South,486,127,110,380.88,0,0.0,376,0,243.0,0.0,243.0
2024-01-01,S008,P0039,Clothing,West,113,149,186,118.9,0,5.900000000000006,0,0,56.5,11.800000000000011,68.30000000000001
2024-01-01,S008,P0040,Electronics,East,411,102,0,28.37,0,0.0,411,0,205.5,0.0,205.5
2024-01-01,S008,P0041,Electronics,North,341,139,353,21.61,0,0.0,0,0,170.5,0.0,170.5
2024-01-01,S008,P0042,Electronics,East,99,25,309,228.6,0,129.6,0,0,49.5,259.2,308.7
2024-01-01,S008,P0043,Electronics,North,469,168,0,47.64,0,0.0,469,0,234.5,0.0,234.5
2024-01-01,S008,P0044,Groceries,East,96,190,88,2.32,0,0.0,8,0,48.0,0.0,48.0
2024-01-01,S008,P0045,Groceries,South,461,74,1,33.85,0,0.0,460,0,230.5,0.0,230.5
2024-01-01,S008,P0046,Toys,West,118,73,28,130.29,0,12.289999999999992,90,0,59.0,24.579999999999984,83.57999999999998
2024-01-01,S008,P0047,Electronics,West,127,49,286,39.65,0,0.0,0,0,63.5,0.0,63.5
2024-01-01,S008,P0048,Toys,East,247,158,0,77.46,0,0.0,247,0,123.5,0.0,123.5
2024-01-01,S008,P0049,Furniture,West,316,96,279,439.0,0,123.0,37,0,158.0,246.0,404.0
2024-01-01,S008,P0050,Clothing,North,197,197,77,245.34,0,48.34,120,0,98.5,96.68,195.18
2024-01-01,S008,P0051,Clothing,South,113,81,244,37.17,0,0.0,0,0,56.5,0.0,56.5
2024-01-01,S008,P0052,Toys,West,359,76,149,333.52,0,0.0,210,0,179.5,0.0,179.5
2024-01-01,S008,P0053,Electronics,East,373,42,60,380.0,0,7.0,313,0,186.5,14.0,200.5
2024-01-01,S008,P0054,Clothing,East,490,127,0,108.62,0,0.0,490,0,245.0,0.0,245.0
2024-01-01,S008,P0055,Clothing,East,434,146,0,308.88,0,0.0,434,0,217.0,0.0,217.0
2024-01-01,S008,P0056,Electronics,North,236,195,391,267.27,0,31.269999999999982,0,0,118.0,62.539999999999964,180.53999999999996
2024-01-01,S008,P0057,Toys,West,309,90,301,119.3,0,0.0,8,0,154.5,0.0,154.5
2024-01-01,S008,P0058,Clothing,East,254,175,315,251.12,0,0.0,0,0,127.0,0.0,127.0
2024-01-01,S008,P0059,Furniture,West,188,120,100,51.98,0,0.0,88,0,94.0,0.0,94.0
2024-01-01,S008,P0060,Groceries,North,230,78,251,85.31,0,0.0,0,0,115.0,0.0,115.0
2024-01-01,S008,P0061,Toys,West,269,75,35,27.96,0,0.0,234,0,134.5,0.0,134.5
2024-01-01,S008,P0062,Clothing,East,295,25,208,344.49,0,49.49000000000001,87,0,147.5,98.98000000000002,246.48000000000002
2024-01-01,S008,P0063,Toys,North,430,34,141,136.52,0,0.0,289,0,215.0,0.0,215.0
2024-01-01,S008,P0064,Electronics,South,293,176,230,266.55,0,0.0,63,0,146.5,0.0,146.5
2024-01-01,S008,P0065,Toys,West,82,125,335,141.64,0,59.639999999999986,0,0,41.0,119.27999999999997,160.27999999999997
2024-01-01,S008,P0066,Clothing,West,153,133,200,69.95,0,0.0,0,0,76.5,0.0,76.5
2024-01-01,S008,P0067,Furniture,South,98,94,128,358.28,0,260.28,0,0,49.0,520.56,569.56
2024-01-01,S008,P0068,Toys,North,243,185,105,20.52,0,0.0,138,0,121.5,0.0,121.5
2024-01-01,S008,P0069,Electronics,East,409,145,64,312.64,0,0.0,345,0,204.5,0.0,204.5
2024-01-01,S008,P0070,Electronics,East,276,65,315,140.48,0,0.0,0,0,138.0,0.0,138.0
2024-01-01,S008,P0071,Toys,West,370,139,267,149.57,0,0.0,103,0,185.0,0.0,185.0
2024-01-01,S008,P0072,Toys,East,156,106,35,25.33,0,0.0,121,0,78.0,0.0,78.0
2024-01-01,S008,P0073,Toys,East,399,127,413,176.91,0,0.0,0,0,199.5,0.0,199.5
2024-01-01,S008,P0074,Electronics,East,138,38,43,116.62,0,0.0,95,0,69.0,0.0,69.0
2024-01-01,S008,P0075,Furniture,North,431,121,0,221.67,0,0.0,431,0,215.5,0.0,215.5
2024-01-01,S009,P0001,Groceries,East,278,145,67,0.3,0,0.0,211,0,139.0,0.0,139.0
2024-01-01,S009,P0002,Groceries,East,479,96,157,24.57,0,0.0,322,0,239.5,0.0,239.5
2024-01-01,S009,P0003,Electronics,South,376,148,321,66.72,0,0.0,55,0,188.0,0.0,188.0
2024-01-01,S009,P0004,Toys,North,120,87,77,241.44,0,121.44,43,0,60.0,242.88,302.88
2024-01-01,S009,P0005,Furniture,East,291,91,33,268.61,0,0.0,258,0,145.5,0.0,145.5
2024-01-01,S009,P0006,Groceries,South,204,35,131,37.45,0,0.0,73,0,102.0,0.0,102.0
2024-01-01,S009,P0007,Toys,South,384,172,145,108.66,0,0.0,239,0,192.0,0.0,192.0
2024-01-01,S009,P0008,Furniture,West,340,166,210,61.03,0,0.0,130,0,170.0,0.0,170.0
2024-01-01,S009,P0009,Toys,North,248,67,80,224.72,0,0.0,168,0,124.0,0.0,124.0
2024-01-01,S009,P0010,Electronics,South,330,103,28,113.3,0,0.0,302,0,165.0,0.0,165.0
2024-01-01,S009,P0011,Electronics,East,273,168,30,43.36,0,0.0,243,0,136.5,0.0,136.5
2024-01-01,S009,P0012,Toys,West,459,145,19,306.34,0,0.0,440,0,229.5,0.0,229.5
2024-01-01,S009,P0013,Electronics,North,139,132,95,120.85,0,0.0,44,0,69.5,0.0,69.5
2024-01-01,S009,P0014,Groceries,North,159,149,296,231.48,0,72.47999999999999,0,0,79.5,144.95999999999998,224.45999999999998
2024-01-01,S009,P0015,Furniture,East,295,186,8,174.52,0,0.0,287,0,147.5,0.0,147.5
2024-01-01,S009,P0016,Groceries,East,98,52,233,245.1,0,147.1,0,0,49.0,294.2,343.2
2024-01-01,S009,P0017,Electronics,East,59,103,218,94.85,0,35.849999999999994,0,0,29.5,71.69999999999999,101.19999999999999
2024-01-01,S009,P0018,Groceries,South,410,114,167,104.32,0,0.0,243,0,205.0,0.0,205.0
2024-01-01,S009,P0019,Toys,East,456,84,379,234.66,0,0.0,77,0,228.0,0.0,228.0
2024-01-01,S009,P0020,Toys,South,468,102,137,44.15,0,0.0,331,0,234.0,0.0,234.0
2024-01-01,S009,P0021,Toys,West,21,151,165,44.95,0,23.950000000000003,0,0,10.5,47.900000000000006,58.400000000000006
2024-01-01,S009,P0022,Furniture,North,146,197,265,412.8,0,266.8,0,0,73.0,533.6,606.6
2024-01-01,S009,P0023,Groceries,South,330,191,195,347.05,0,17.05000000000001,135,0,165.0,34.10000000000002,199.10000000000002
2024-01-01,S009,P0024,Groceries,West,466,180,17,128.02,0,0.0,449,0,233.0,0.0,233.0
2024-01-01,S009,P0025,Toys,North,227,192,18,31.8,0,0.0,209,0,113.5,0.0,113.5
2024-01-01,S009,P0026,Groceries,South,320,97,255,10.24,0,0.0,65,0,160.0,0.0,160.0
2024-01-01,S009,P0027,Clothing,North,162,51,100,43.68,0,0.0,62,0,81.0,0.0,81.0
2024-01-01,S009,P0028,Groceries,South,159,94,183,151.98,0,0.0,0,0,79.5,0.0,79.5
2024-01-01,S009,P0029,Electronics,East,349,22,73,97.9,0,0.0,276,0,174.5,0.0,174.5
2024-01-01,S009,P0030,Toys,North,463,16,57,49.89,0,0.0,406,0,231.5,0.0,231.5
2024-01-01,S009,P0031,Electronics,West,376,33,14,379.68,0,3.680000000000007,362,0,188.0,7.360000000000014,195.36
2024-01-01,S009,P0032,Furniture,South,222,71,397,59.41,0,0.0,0,0,111.0,0.0,111.0
2024-01-01,S009,P0033,Groceries,East,153,54,348,57.68,0,0.0,0,0,76.5,0.0,76.5
2024-01-01,S009,P0034,Electronics,North,193,36,245,115.48,0,0.0,0,0,96.5,0.0,96.5
2024-01-01,S009,P0035,Electronics,North,113,52,182,141.76,0,28.75999999999999,0,0,56.5,57.51999999999998,114.01999999999998
2024-01-01,S009,P0036,Groceries,East,234,95,329,213.08,0,0.0,0,0,117.0,0.0,117.0
2024-01-01,S009,P0037,Furniture,North,445,189,8,86.0,0,0.0,437,0,222.5,0.0,222.5
2024-01-01,S009,P0038,Toys,North,478,72,6,85.23,0,0.0,472,0,239.0,0.0,239.0
2024-01-01,S009,P0039,Toys,South,350,168,145,13.87,0,0.0,205,0,175.0,0.0,175.0
2024-01-01,S009,P0040,Toys,North,52,175,24,87.71,0,35.709999999999994,28,0,26.0,71.41999999999999,97.41999999999999
2024-01-01,S009,P0041,Furniture,West,442,115,56,50.22,0,0.0,386,0,221.0,0.0,221.0
2024-01-01,S009,P0042,Electronics,East,64,30,68,75.4,0,11.400000000000006,0,0,32.0,22.80000000000001,54.80000000000001
2024-01-01,S009,P0043,Groceries,West,115,87,119,348.16,0,233.16000000000003,0,0,57.5,466.32000000000005,523.82
2024-01-01,S009,P0044,Electronics,West,305,96,318,443.71,0,138.70999999999998,0,0,152.5,277.41999999999996,429.91999999999996
2024-01-01,S009,P0045,Electronics,South,282,48,272,132.5,0,0.0,10,0,141.0,0.0,141.0
2024-01-01,S009,P0046,Toys,North,59,105,66,85.24,0,26.239999999999995,0,0,29.5,52.47999999999999,81.97999999999999
2024-01-01,S009,P0047,Furniture,West,455,118,68,0.49,0,0.0,387,0,227.5,0.0,227.5
2024-01-01,S009,P0048,Furniture,South,82,140,44,14.9,0,0.0,38,0,41.0,0.0,41.0
2024-01-01,S009,P0049,Groceries,South,40,151,122,39.13,0,0.0,0,0,20.0,0.0,20.0
2024-01-01,S009,P0050,Furniture,North,125,48,244,57.85,0,0.0,0,0,62.5,0.0,62.5
2024-01-01,S009,P0051,Electronics,West,161,120,96,106.75,0,0.0,65,0,80.5,0.0,80.5
2024-01-01,S009,P0052,Clothing,South,80,76,75,21.12,0,0.0,5,0,40.0,0.0,40.0
2024-01-01,S009,P0053,Clothing,West,467,58,369,290.51,0,0.0,98,0,233.5,0.0,233.5
2024-01-01,S009,P0054,Furniture,North,303,164,121,220.47,0,0.0,182,0,151.5,0.0,151.5
2024-01-01,S009,P0055,Clothing,West,102,106,410,22.21,0,0.0,0,0,51.0,0.0,51.0
2024-01-01,S009,P0056,Furniture,West,454,79,38,44.24,0,0.0,416,0,227.0,0.0,227.0
2024-01-01,S009,P0057,Toys,East,439,130,42,445.37,0,6.3700000000000045,397,0,219.5,12.740000000000009,232.24
2024-01-01,S009,P0058,Clothing,West,268,100,316,175.04,0,0.0,0,0,134.0,0.0,134.0
2024-01-01,S009,P0059,Electronics,North,284,83,245,87.32,0,0.0,39,0,142.0,0.0,142.0
2024-01-01,S009,P0060,Groceries,East,455,150,212,205.87,0,0.0,243,0,227.5,0.0,227.5
2024-01-01,S009,P0061,Toys,North,60,150,0,415.71,0,355.71,60,0,30.0,711.42,741.42
2024-01-01,S009,P0062,Clothing,North,433,14,210,122.15,0,0.0,223,0,216.5,0.0,216.5
2024-01-01,S009,P0063,Groceries,East,270,162,131,57.43,0,0.0,139,0,135.0,0.0,135.0
2024-01-01,S009,P0064,Toys,North,110,186,106,408.09,0,298.09,4,0,55.0,596.18,651.18
2024-01-01,S009,P0065,Furniture,North,443,139,132,68.3,0,0.0,311,0,221.5,0.0,221.5
2024-01-01,S009,P0066,Furniture,South,218,114,32,359.02,0,141.01999999999998,186,0,109.0,282.03999999999996,391.03999999999996
2024-01-01,S009,P0067,Furniture,East,250,144,177,77.79,0,0.0,73,0,125.0,0.0,125.0
2024-01-01,S009,P0068,Electronics,North,93,189,77,40.38,0,0.0,16,0,46.5,0.0,46.5
2024-01-01,S009,P0069,Electronics,West,426,132,172,378.98,0,0.0,254,0,213.0,0.0,213.0
2024-01-01,S009,P0070,Groceries,West,93,119,121,60.96,0,0.0,0,0,46.5,0.0,46.5
2024-01-01,S009,P0071,Toys,North,487,45,310,133.85,0,0.0,177,0,243.5,0.0,243.5
2024-01-01,S009,P0072,Toys,South,372,207,27,100.13,0,0.0,345,0,186.0,0.0,186.0
2024-01-01,S009,P0073,Toys,East,120,140,287,21.13,0,0.0,0,0,60.0,0.0,60.0
2024-01-01,S009,P0074,Electronics,East,172,177,193,114.05,0,0.0,0,0,86.0,0.0,86.0
2024-01-01,S009,P0075,Groceries,North,433,95,139,341.08,0,0.0,294,0,216.5,0.0,216.5
2024-01-01,S010,P0001,Furniture,West,134,119,12,138.65,0,4.650000000000006,122,0,67.0,9.300000000000011,76.30000000000001
2024-01-01,S010,P0002,Groceries,North,159,171,61,15.66,0,0.0,98,0,79.5,0.0,79.5
2024-01-01,S010,P0003,Toys,East,476,127,0,127.88,0,0.0,476,0,238.0,0.0,238.0
2024-01-01,S010,P0004,Furniture,South,478,144,119,49.8,0,0.0,359,0,239.0,0.0,239.0
2024-01-01,S010,P0005,Electronics,East,313,140,318,80.96,0,0.0,0,0,156.5,0.0,156.5
2024-01-01,S010,P0006,Clothing,South,108,120,66,11.9,0,0.0,42,0,54.0,0.0,54.0
2024-01-01,S010,P0007,Toys,West,161,89,32,101.39,0,0.0,129,0,80.5,0.0,80.5
2024-01-01,S010,P0008,Clothing,North,299,121,195,124.06,0,0.0,104,0,149.5,0.0,149.5
2024-01-01,S010,P0009,Toys,West,280,190,135,28.36,0,0.0,145,0,140.0,0.0,140.0
2024-01-01,S010,P0010,Electronics,East,68,148,150,120.09,0,52.09,0,0,34.0,104.18,138.18
2024-01-01,S010,P0011,Furniture,South,70,143,157,89.76,0,19.760000000000005,0,0,35.0,39.52000000000001,74.52000000000001
2024-01-01,S010,P0012,Clothing,South,145,152,186,70.17,0,0.0,0,0,72.5,0.0,72.5
2024-01-01,S010,P0013,Electronics,North,233,94,128,121.4,0,0.0,105,0,116.5,0.0,116.5
2024-01-01,S010,P0014,Electronics,North,231,127,147,346.36,0,115.36000000000001,84,0,115.5,230.72000000000003,346.22
2024-01-01,S010,P0015,Clothing,South,258,65,0,193.43,0,0.0,258,0,129.0,0.0,129.0
2024-01-01,S010,P0016,Electronics,South,255,166,209,38.49,0,0.0,46,0,127.5,0.0,127.5
2024-01-01,S010,P0017,Toys,South,379,77,46,96.98,0,0.0,333,0,189.5,0.0,189.5
2024-01-01,S010,P0018,Furniture,North,62,129,0,77.43,0,15.430000000000007,62,0,31.0,30.860000000000014,61.860000000000014
2024-01-01,S010,P0019,Groceries,North,177,198,25,85.71,0,0.0,152,0,88.5,0.0,88.5
2024-01-01,S010,P0020,Groceries,North,427,145,384,38.29,0,0.0,43,0,213.5,0.0,213.5
2024-01-01,S010,P0021,Toys,North,177,186,84,39.28,0,0.0,93,0,88.5,0.0,88.5
2024-01-01,S010,P0022,Electronics,North,487,57,169,55.26,0,0.0,318,0,243.5,0.0,243.5
2024-01-01,S010,P0023,Clothing,North,441,62,213,76.71,0,0.0,228,0,220.5,0.0,220.5
2024-01-01,S010,P0024,Clothing,East,144,167,77,67.52,0,0.0,67,0,72.0,0.0,72.0
2024-01-01,S010,P0025,Furniture,South,117,118,120,216.37,0,99.37,0,0,58.5,198.74,257.24
2024-01-01,S010,P0026,Groceries,North,165,172,104,108.98,0,0.0,61,0,82.5,0.0,82.5
2024-01-01,S010,P0027,Groceries,North,250,35,55,61.37,0,0.0,195,0,125.0,0.0,125.0
2024-01-01,S010,P0028,Groceries,South,362,155,146,366.93,0,4.930000000000007,216,0,181.0,9.860000000000014,190.86
2024-01-01,S010,P0029,Clothing,South,410,90,72,187.75,0,0.0,338,0,205.0,0.0,205.0
2024-01-01,S010,P0030,Clothing,North,193,118,314,23.76,0,0.0,0,0,96.5,0.0,96.5
2024-01-01,S010,P0031,Toys,South,458,109,70,223.13,0,0.0,388,0,229.0,0.0,229.0
2024-01-01,S010,P0032,Groceries,North,198,60,53,333.17,0,135.17000000000002,145,0,99.0,270.34000000000003,369.34000000000003
2024-01-01,S010,P0033,Groceries,East,251,55,121,45.08,0,0.0,130,0,125.5,0.0,125.5
2024-01-01,S010,P0034,Electronics,West,366,107,21,332.78,0,0.0,345,0,183.0,0.0,183.0
2024-01-01,S010,P0035,Toys,East,185,60,133,55.18,0,0.0,52,0,92.5,0.0,92.5
2024-01-01,S010,P0036,Clothing,North,262,173,241,197.37,0,0.0,21,0,131.0,0.0,131.0
2024-01-01,S010,P0037,Toys,South,480,109,0,186.07,0,0.0,480,0,240.0,0.0,240.0
2024-01-01,S010,P0038,Furniture,West,467,167,359,122.03,0,0.0,108,0,233.5,0.0,233.5
2024-01-01,S010,P0039,Groceries,East,381,53,121,119.38,0,0.0,260,0,190.5,0.0,190.5
2024-01-01,S010,P0040,Toys,East,439,88,297,123.02,0,0.0,142,0,219.5,0.0,219.5
2024-01-01,S010,P0041,Electronics,East,202,106,1,101.34,0,0.0,201,0,101.0,0.0,101.0
2024-01-01,S010,P0042,Groceries,South,195,29,430,103.32,0,0.0,0,0,97.5,0.0,97.5
2024-01-01,S010,P0043,Toys,West,281,175,0,96.22,0,0.0,281,0,140.5,0.0,140.5
2024-01-01,S010,P0044,Toys,West,400,39,28,51.12,0,0.0,372,0,200.0,0.0,200.0
2024-01-01,S010,P0045,Furniture,North,464,153,119,63.52,0,0.0,345,0,232.0,0.0,232.0
2024-01-01,S010,P0046,Clothing,West,204,63,60,91.25,0,0.0,144,0,102.0,0.0,102.0
2024-01-01,S010,P0047,Furniture,West,238,99,203,244.75,0,6.75,35,0,119.0,13.5,132.5
2024-01-01,S010,P0048,Furniture,North,531,105,135,65.93,0,0.0,396,0,265.5,0.0,265.5
2024-01-01,S010,P0049,Furniture,East,188,36,86,101.4,0,0.0,102,0,94.0,0.0,94.0
2024-01-01,S010,P0050,Electronics,East,493,70,57,418.32,0,0.0,436,0,246.5,0.0,246.5
2024-01-01,S010,P0051,Clothing,North,392,133,174,3.5,0,0.0,218,0,196.0,0.0,196.0
2024-01-01,S010,P0052,Toys,South,114,17,78,186.83,0,72.83000000000001,36,0,57.0,145.66000000000003,202.66000000000003
2024-01-01,S010,P0053,Toys,South,477,126,118,251.9,0,0.0,359,0,238.5,0.0,238.5
2024-01-01,S010,P0054,Clothing,North,366,151,0,54.23,0,0.0,366,0,183.0,0.0,183.0
2024-01-01,S010,P0055,Groceries,West,304,65,253,71.47,0,0.0,51,0,152.0,0.0,152.0
2024-01-01,S010,P0056,Groceries,North,367,100,344,13.15,0,0.0,23,0,183.5,0.0,183.5
2024-01-01,S010,P0057,Furniture,West,237,117,153,177.21,0,0.0,84,0,118.5,0.0,118.5
2024-01-01,S010,P0058,Electronics,West,440,187,205,138.16,0,0.0,235,0,220.0,0.0,220.0
2024-01-01,S010,P0059,Electronics,South,224,113,17,71.37,0,0.0,207,0,112.0,0.0,112.0
2024-01-01,S010,P0060,Electronics,West,87,53,96,83.74,0,0.0,0,0,43.5,0.0,43.5
2024-01-01,S010,P0061,Groceries,East,91,105,212,108.31,0,17.310000000000002,0,0,45.5,34.620000000000005,80.12
2024-01-01,S010,P0062,Furniture,North,119,148,69,269.2,0,150.2,50,0,59.5,300.4,359.9
2024-01-01,S010,P0063,Groceries,South,328,101,0,314.46,0,0.0,328,0,164.0,0.0,164.0
2024-01-01,S010,P0064,Electronics,East,223,116,8,46.74,0,0.0,215,0,111.5,0.0,111.5
2024-01-01,S010,P0065,Electronics,South,239,129,262,67.81,0,0.0,0,0,119.5,0.0,119.5
2024-01-01,S010,P0066,Furniture,South,263,61,45,192.29,0,0.0,218,0,131.5,0.0,131.5
2024-01-01,S010,P0067,Groceries,South,132,134,22,40.51,0,0.0,110,0,66.0,0.0,66.0
2024-01-01,S010,P0068,Electronics,West,63,21,170,0.0,0,0.0,0,0,31.5,0.0,31.5
2024-01-01,S010,P0069,Clothing,North,81,68,375,102.36,0,21.36,0,0,40.5,42.72,83.22
2024-01-01,S010,P0070,Clothing,West,356,172,60,84.54,0,0.0,296,0,178.0,0.0,178.0
2024-01-01,S010,P0071,Toys,West,151,131,115,14.35,0,0.0,36,0,75.5,0.0,75.5
2024-01-01,S010,P0072,Furniture,West,277,118,69,219.9,0,0.0,208,0,138.5,0.0,138.5
2024-01-01,S010,P0073,Furniture,West,234,181,332,126.01,0,0.0,0,0,117.0,0.0,117.0
2024-01-01,S010,P0074,Clothing,North,298,139,165,83.35,0,0.0,133,0,149.0,0.0,149.0
2024-01-01,S010,P0075,Groceries,East,500,178,37,399.15,0,0.0,463,0,250.0,0.0,250.0
2024-01-01,S011,P0001,Furniture,East,421,41,268,72.64,0,0.0,153,0,210.5,0.0,210.5
2024-01-01,S011,P0002,Clothing,East,284,140,19,219.25,0,0.0,265,0,142.0,0.0,142.0
2024-01-01,S011,P0003,Electronics,West,172,145,63,369.18,0,197.18,109,0,86.0,394.36,480.36
2024-01-01,S011,P0004,Clothing,East,167,122,158,211.93,0,44.93000000000001,9,0,83.5,89.86000000000001,173.36
2024-01-01,S011,P0005,Toys,West,85,190,51,16.59,0,0.0,34,0,42.5,0.0,42.5
2024-01-01,S011,P0006,Clothing,East,75,82,196,234.91,0,159.91,0,0,37.5,319.82,357.32
2024-01-01,S011,P0007,Furniture,South,196,109,17,56.96,0,0.0,179,0,98.0,0.0,98.0
2024-01-01,S011,P0008,Toys,North,486,89,45,53.5,0,0.0,441,0,243.0,0.0,243.0
2024-01-01,S011,P0009,Electronics,East,365,52,77,379.69,0,14.689999999999998,288,0,182.5,29.379999999999995,211.88
2024-01-01,S011,P0010,Toys,West,252,73,310,226.66,0,0.0,0,0,126.0,0.0,126.0
2024-01-01,S011,P0011,Toys,East,278,108,208,18.74,0,0.0,70,0,139.0,0.0,139.0
2024-01-01,S011,P0012,Furniture,East,184,81,7,249.53,0,65.53,177,0,92.0,131.06,223.06
2024-01-01,S011,P0013,Groceries,East,125,154,136,128.92,0,3.9199999999999875,0,0,62.5,7.839999999999975,70.33999999999997
2024-01-01,S011,P0014,Toys,East,108,153,371,280.9,0,172.89999999999998,0,0,54.0,345.79999999999995,399.79999999999995
2024-01-01,S011,P0015,Furniture,West,392,130,265,69.01,0,0.0,127,0,196.0,0.0,196.0
2024-01-01,S011,P0016,Clothing,West,251,64,465,222.01,0,0.0,0,0,125.5,0.0,125.5
2024-01-01,S011,P0017,Furniture,South,378,155,299,191.81,0,0.0,79,0,189.0,0.0,189.0
2024-01-01,S011,P0018,Clothing,South,95,181,35,111.88,0,16.879999999999995,60,0,47.5,33.75999999999999,81.25999999999999
2024-01-01,S011,P0019,Clothing,West,175,58,128,70.05,0,0.0,47,0,87.5,0.0,87.5
2024-01-01,S011,P0020,Groceries,North,322,106,4,5.71,0,0.0,318,0,161.0,0.0,161.0
2024-01-01,S011,P0021,Groceries,North,164,73,48,167.56,0,3.5600000000000023,116,0,82.0,7.1200000000000045,89.12
2024-01-01,S011,P0022,Electronics,North,36,192,9,1.81,0,0.0,27,0,18.0,0.0,18.0
2024-01-01,S011,P0023,Furniture,South,422,103,98,276.31,0,0.0,324,0,211.0,0.0,211.0
2024-01-01,S011,P0024,Toys,East,440,160,63,94.43,0,0.0,377,0,220.0,0.0,220.0
2024-01-01,S011,P0025,Furniture,South,492,84,282,17.61,0,0.0,210,0,246.0,0.0,246.0
2024-01-01,S011,P0026,Furniture,West,255,121,27,128.76,0,0.0,228,0,127.5,0.0,127.5
2024-01-01,S011,P0027,Toys,West,189,147,43,185.85,0,0.0,146,0,94.5,0.0,94.5
2024-01-01,S011,P0028,Electronics,North,381,157,29,207.49,0,0.0,352,0,190.5,0.0,190.5
2024-01-01,S011,P0029,Toys,North,326,141,124,344.62,0,18.620000000000005,202,0,163.0,37.24000000000001,200.24
2024-01-01,S011,P0030,Furniture,South,137,72,0,99.58,0,0.0,137,0,68.5,0.0,68.5
2024-01-01,S011,P0031,Furniture,South,377,95,101,29.53,0,0.0,276,0,188.5,0.0,188.5
2024-01-01,S011,P0032,Furniture,North,185,180,166,84.87,0,0.0,19,0,92.5,0.0,92.5
2024-01-01,S011,P0033,Furniture,South,473,171,0,63.0,0,0.0,473,0,236.5,0.0,236.5
2024-01-01,S011,P0034,Toys,North,196,48,176,31.33,0,0.0,20,0,98.0,0.0,98.0
2024-01-01,S011,P0035,Furniture,East,467,63,60,346.34,0,0.0,407,0,233.5,0.0,233.5
2024-01-01,S011,P0036,Groceries,West,216,82,0,107.25,0,0.0,216,0,108.0,0.0,108.0
2024-01-01,S011,P0037,Groceries,South,320,60,36,93.8,0,0.0,284,0,160.0,0.0,160.0
2024-01-01,S011,P0038,Furniture,West,410,201,0,69.37,0,0.0,410,0,205.0,0.0,205.0
2024-01-01,S011,P0039,Groceries,North,70,113,134,349.07,0,279.07,0,0,35.0,558.14,593.14
2024-01-01,S011,P0040,Groceries,South,347,182,306,289.53,0,0.0,41,0,173.5,0.0,173.5
2024-01-01,S011,P0041,Toys,North,289,78,47,115.15,0,0.0,242,0,144.5,0.0,144.5
2024-01-01,S011,P0042,Electronics,West,407,77,202,81.49,0,0.0,205,0,203.5,0.0,203.5
2024-01-01,S011,P0043,Furniture,East,74,50,428,269.34,0,195.33999999999997,0,0,37.0,390.67999999999995,427.67999999999995
2024-01-01,S011,P0044,Electronics,North,210,111,237,101.36,0,0.0,0,0,105.0,0.0,105.0
2024-01-01,S011,P0045,Toys,South,120,37,90,22.14,0,0.0,30,0,60.0,0.0,60.0
2024-01-01,S011,P0046,Toys,East,361,113,200,89.4,0,0.0,161,0,180.5,0.0,180.5
2024-01-01,S011,P0047,Electronics,South,493,160,88,158.43,0,0.0,405,0,246.5,0.0,246.5
2024-01-01,S011,P0048,Furniture,North,373,122,0,198.54,0,0.0,373,0,186.5,0.0,186.5
2024-01-01,S011,P0049,Toys,South,238,81,133,35.26,0,0.0,105,0,119.0,0.0,119.0
2024-01-01,S011,P0050,Toys,East,202,40,139,280.93,0,78.93,63,0,101.0,157.86,258.86
2024-01-01,S011,P0051,Furniture,East,295,187,314,66.53,0,0.0,0,0,147.5,0.0,147.5
2024-01-01,S011,P0052,Toys,South,146,171,0,182.15,0,36.150000000000006,146,0,73.0,72.30000000000001,145.3
2024-01-01,S011,P0053,Furniture,East,139,99,15,108.05,0,0.0,124,0,69.5,0.0,69.5
2024-01-01,S011,P0054,Electronics,West,242,63,95,229.88,0,0.0,147,0,121.0,0.0,121.0
2024-01-01,S011,P0055,Furniture,West,68,138,30,45.34,0,0.0,38,0,34.0,0.0,34.0
2024-01-01,S011,P0056,Groceries,North,125,17,118,428.89,0,303.89,7,0,62.5,607.78,670.28
2024-01-01,S011,P0057,Electronics,North,335,44,78,44.37,0,0.0,257,0,167.5,0.0,167.5
2024-01-01,S011,P0058,Electronics,East,335,119,158,66.83,0,0.0,177,0,167.5,0.0,167.5
2024-01-01,S011,P0059,Electronics,North,222,172,179,93.62,0,0.0,43,0,111.0,0.0,111.0
2024-01-01,S011,P0060,Furniture,South,314,36,21,44.59,0,0.0,293,0,157.0,0.0,157.0
2024-01-01,S011,P0061,Electronics,East,87,193,58,233.36,0,146.36,29,0,43.5,292.72,336.22
2024-01-01,S011,P0062,Furniture,East,357,70,97,277.2,0,0.0,260,0,178.5,0.0,178.5
2024-01-01,S011,P0063,Electronics,North,110,39,10,177.13,0,67.13,100,0,55.0,134.26,189.26
2024-01-01,S011,P0064,Groceries,East,79,114,103,21.45,0,0.0,0,0,39.5,0.0,39.5
2024-01-01,S011,P0065,Toys,East,353,73,8,200.65,0,0.0,345,0,176.5,0.0,176.5
2024-01-01,S011,P0066,Toys,North,344,77,244,276.65,0,0.0,100,0,172.0,0.0,172.0
2024-01-01,S011,P0067,Clothing,West,263,77,141,240.98,0,0.0,122,0,131.5,0.0,131.5
2024-01-01,S011,P0068,Electronics,North,98,111,102,48.06,0,0.0,0,0,49.0,0.0,49.0
2024-01-01,S011,P0069,Furniture,East,399,110,110,121.3,0,0.0,289,0,199.5,0.0,199.5
2024-01-01,S011,P0070,Electronics,South,209,32,205,424.42,0,215.42000000000002,4,0,104.5,430.84000000000003,535.34
2024-01-01,S011,P0071,Furniture,North,286,166,226,36.99,0,0.0,60,0,143.0,0.0,143.0
2024-01-01,S011,P0072,Electronics,East,263,193,87,312.91,0,49.910000000000025,176,0,131.5,99.82000000000005,231.32000000000005
2024-01-01,S011,P0073,Furniture,North,244,43,202,26.05,0,0.0,42,0,122.0,0.0,122.0
2024-01-01,S011,P0074,Groceries,North,162,26,68,183.43,0,21.430000000000007,94,0,81.0,42.860000000000014,123.86000000000001
2024-01-01,S011,P0075,Electronics,West,347,64,418,227.92,0,0.0,0,0,173.5,0.0,173.5
2024-01-01,S012,P0001,Groceries,North,373,144,64,119.9,0,0.0,309,0,186.5,0.0,186.5
2024-01-01,S012,P0002,Groceries,East,251,157,302,32.0,0,0.0,0,0,125.5,0.0,125.5
2024-01-01,S012,P0003,Clothing,West,63,121,15,51.34,0,0.0,48,0,31.5,0.0,31.5
2024-01-01,S012,P0004,Groceries,South,123,186,37,11.72,0,0.0,86,0,61.5,0.0,61.5
2024-01-01,S012,P0005,Electronics,South,442,139,207,229.0,0,0.0,235,0,221.0,0.0,221.0
2024-01-01,S012,P0006,Furniture,South,254,174,292,7.59,0,0.0,0,0,127.0,0.0,127.0
2024-01-01,S012,P0007,Toys,South,214,157,274,163.49,0,0.0,0,0,107.0,0.0,107.0
2024-01-01,S012,P0008,Furniture,West,184,151,85,64.21,0,0.0,99,0,92.0,0.0,92.0
2024-01-01,S012,P0009,Clothing,North,332,54,22,106.02,0,0.0,310,0,166.0,0.0,166.0
2024-01-01,S012,P0010,Clothing,East,386,132,216,127.04,0,0.0,170,0,193.0,0.0,193.0
2024-01-01,S012,P0011,Clothing,North,388,96,230,56.67,0,0.0,158,0,194.0,0.0,194.0
2024-01-01,S012,P0012,Clothing,South,135,68,201,35.04,0,0.0,0,0,67.5,0.0,67.5
2024-01-01,S012,P0013,Toys,South,418,60,64,216.79,0,0.0,354,0,209.0,0.0,209.0
2024-01-01,S012,P0014,Electronics,West,182,140,169,0.0,0,0.0,13,0,91.0,0.0,91.0
2024-01-01,S012,P0015,Clothing,North,304,128,291,87.71,0,0.0,13,0,152.0,0.0,152.0
2024-01-01,S012,P0016,Groceries,East,383,38,25,174.05,0,0.0,358,0,191.5,0.0,191.5
2024-01-01,S012,P0017,Furniture,West,305,82,0,10.35,0,0.0,305,0,152.5,0.0,152.5
2024-01-01,S012,P0018,Groceries,North,285,145,113,239.04,0,0.0,172,0,142.5,0.0,142.5
2024-01-01,S012,P0019,Clothing,East,253,59,27,0.79,0,0.0,226,0,126.5,0.0,126.5
2024-01-01,S012,P0020,Furniture,East,100,115,229,181.89,0,81.88999999999999,0,0,50.0,163.77999999999997,213.77999999999997
2024-01-01,S012,P0021,Clothing,West,145,27,60,42.11,0,0.0,85,0,72.5,0.0,72.5
2024-01-01,S012,P0022,Groceries,East,328,71,309,80.61,0,0.0,19,0,164.0,0.0,164.0
2024-01-01,S012,P0023,Toys,West,214,184,44,70.42,0,0.0,170,0,107.0,0.0,107.0
2024-01-01,S012,P0024,Electronics,West,402,74,45,145.55,0,0.0,357,0,201.0,0.0,201.0
2024-01-01,S012,P0025,Groceries,South,289,188,219,34.9,0,0.0,70,0,144.5,0.0,144.5
2024-01-01,S012,P0026,Groceries,East,224,151,25,106.1,0,0.0,199,0,112.0,0.0,112.0
2024-01-01,S012,P0027,Groceries,East,213,47,0,55.24,0,0.0,213,0,106.5,0.0,106.5
2024-01-01,S012,P0028,Electronics,North,481,156,32,35.98,0,0.0,449,0,240.5,0.0,240.5
2024-01-01,S012,P0029,Furniture,East,74,49,86,5.98,0,0.0,0,0,37.0,0.0,37.0
2024-01-01,S012,P0030,Groceries,East,77,52,164,276.66,0,199.66000000000003,0,0,38.5,399.32000000000005,437.82000000000005
2024-01-01,S012,P0031,Toys,West,182,92,276,96.37,0,0.0,0,0,91.0,0.0,91.0
2024-01-01,S012,P0032,Toys,North,80,67,96,207.94,0,127.94,0,0,40.0,255.88,295.88
2024-01-01,S012,P0033,Toys,East,317,98,176,114.51,0,0.0,141,0,158.5,0.0,158.5
2024-01-01,S012,P0034,Toys,South,196,38,61,170.66,0,0.0,135,0,98.0,0.0,98.0
2024-01-01,S012,P0035,Furniture,North,65,138,48,133.95,0,68.94999999999999,17,0,32.5,137.89999999999998,170.39999999999998
2024-01-01,S012,P0036,Toys,West,275,39,34,217.42,0,0.0,241,0,137.5,0.0,137.5
2024-01-01,S012,P0037,Clothing,South,438,76,87,127.55,0,0.0,351,0,219.0,0.0,219.0
2024-01-01,S012,P0038,Clothing,South,228,189,76,43.5,0,0.0,152,0,114.0,0.0,114.0
2024-01-01,S012,P0039,Clothing,North,81,36,132,325.82,0,244.82,0,0,40.5,489.64,530.14
2024-01-01,S012,P0040,Clothing,East,225,85,0,188.86,0,0.0,225,0,112.5,0.0,112.5
2024-01-01,S012,P0041,Electronics,North,434,175,126,45.8,0,0.0,308,0,217.0,0.0,217.0
2024-01-01,S012,P0042,Toys,East,475,144,196,148.75,0,0.0,279,0,237.5,0.0,237.5
2024-01-01,S012,P0043,Electronics,North,167,44,179,55.85,0,0.0,0,0,83.5,0.0,83.5
2024-01-01,S012,P0044,Electronics,East,241,149,46,118.16,0,0.0,195,0,120.5,0.0,120.5
2024-01-01,S012,P0045,Toys,South,244,116,93,131.1,0,0.0,151,0,122.0,0.0,122.0
2024-01-01,S012,P0046,Furniture,South,341,164,12,264.38,0,0.0,329,0,170.5,0.0,170.5
2024-01-01,S012,P0047,Clothing,West,335,45,181,17.66,0,0.0,154,0,167.5,0.0,167.5
2024-01-01,S012,P0048,Furniture,East,222,94,206,457.65,0,235.64999999999998,16,0,111.0,471.29999999999995,582.3
2024-01-01,S012,P0049,Furniture,North,277,79,46,105.72,0,0.0,231,0,138.5,0.0,138.5
2024-01-01,S012,P0050,Furniture,East,83,160,120,184.52,0,101.52000000000001,0,0,41.5,203.04000000000002,244.54000000000002
2024-01-01,S012,P0051,Groceries,North,175,44,101,81.5,0,0.0,74,0,87.5,0.0,87.5
2024-01-01,S012,P0052,Furniture,South,372,119,183,82.63,0,0.0,189,0,186.0,0.0,186.0
2024-01-01,S012,P0053,Toys,East,283,50,83,81.87,0,0.0,200,0,141.5,0.0,141.5
2024-01-01,S012,P0054,Clothing,North,193,131,142,96.03,0,0.0,51,0,96.5,0.0,96.5
2024-01-01,S012,P0055,Groceries,West,185,41,317,0.0,0,0.0,0,0,92.5,0.0,92.5
2024-01-01,S012,P0056,Groceries,South,484,198,53,388.32,0,0.0,431,0,242.0,0.0,242.0
2024-01-01,S012,P0057,Clothing,East,59,78,264,233.13,0,174.13,0,0,29.5,348.26,377.76
2024-01-01,S012,P0058,Clothing,West,273,158,303,315.18,0,42.18000000000001,0,0,136.5,84.36000000000001,220.86
2024-01-01,S012,P0059,Electronics,West,395,88,90,15.39,0,0.0,305,0,197.5,0.0,197.5
2024-01-01,S012,P0060,Clothing,West,326,66,41,86.22,0,0.0,285,0,163.0,0.0,163.0
2024-01-01,S012,P0061,Furniture,South,420,114,116,343.01,0,0.0,304,0,210.0,0.0,210.0
2024-01-01,S012,P0062,Furniture,East,195,112,94,60.92,0,0.0,101,0,97.5,0.0,97.5
2024-01-01,S012,P0063,Clothing,East,130,195,142,147.43,0,17.430000000000007,0,0,65.0,34.860000000000014,99.86000000000001
2024-01-01,S012,P0064,Groceries,West,208,56,43,273.06,0,65.06,165,0,104.0,130.12,234.12
2024-01-01,S012,P0065,Clothing,East,170,148,146,143.43,0,0.0,24,0,85.0,0.0,85.0
2024-01-01,S012,P0066,Furniture,West,138,71,0,21.62,0,0.0,138,0,69.0,0.0,69.0
2024-01-01,S012,P0067,Electronics,West,175,96,189,85.54,0,0.0,0,0,87.5,0.0,87.5
2024-01-01,S012,P0068,Groceries,West,100,112,53,44.38,0,0.0,47,0,50.0,0.0,50.0
2024-01-01,S012,P0069,Furniture,South,175,94,144,196.6,0,21.599999999999994,31,0,87.5,43.19999999999999,130.7
2024-01-01,S012,P0070,Clothing,South,473,189,116,65.61,0,0.0,357,0,236.5,0.0,236.5
2024-01-01,S012,P0071,Toys,West,265,93,0,120.05,0,0.0,265,0,132.5,0.0,132.5
2024-01-01,S012,P0072,Groceries,South,170,129,11,54.8,0,0.0,159,0,85.0,0.0,85.0
2024-01-01,S012,P0073,Furniture,East,318,79,151,289.96,0,0.0,167,0,159.0,0.0,159.0
2024-01-01,S012,P0074,Groceries,West,241,146,178,78.36,0,0.0,63,0,120.5,0.0,120.5
2024-01-01,S012,P0075,Toys,South,294,27,344,174.59,0,0.0,0,0,147.0,0.0,147.0
2024-01-01,S013,P0001,Toys,West,263,62,36,34.36,0,0.0,227,0,131.5,0.0,131.5
2024-01-01,S013,P0002,Clothing,East,71,76,4,337.5,0,266.5,67,0,35.5,533.0,568.5
2024-01-01,S013,P0003,Toys,South,152,134,252,0.61,0,0.0,0,0,76.0,0.0,76.0
2024-01-01,S013,P0004,Toys,North,366,66,63,222.83,0,0.0,303,0,183.0,0.0,183.0
2024-01-01,S013,P0005,Clothing,North,364,34,27,119.93,0,0.0,337,0,182.0,0.0,182.0
2024-01-01,S013,P0006,Clothing,West,166,124,302,23.63,0,0.0,0,0,83.0,0.0,83.0
2024-01-01,S013,P0007,Clothing,North,179,81,36,93.67,0,0.0,143,0,89.5,0.0,89.5
2024-01-01,S013,P0008,Clothing,West,449,195,88,99.34,0,0.0,361,0,224.5,0.0,224.5
2024-01-01,S013,P0009,Groceries,East,266,164,189,43.13,0,0.0,77,0,133.0,0.0,133.0
2024-01-01,S013,P0010,Groceries,South,144,160,111,120.31,0,0.0,33,0,72.0,0.0,72.0
2024-01-01,S013,P0011,Electronics,North,173,87,274,88.31,0,0.0,0,0,86.5,0.0,86.5
2024-01-01,S013,P0012,Clothing,West,89,77,325,134.07,0,45.06999999999999,0,0,44.5,90.13999999999999,134.64
2024-01-01,S013,P0013,Groceries,East,99,164,276,167.57,0,68.57,0,0,49.5,137.14,186.64
2024-01-01,S013,P0014,Groceries,East,371,161,223,395.93,0,24.930000000000007,148,0,185.5,49.860000000000014,235.36
2024-01-01,S013,P0015,Electronics,East,296,90,219,98.92,0,0.0,77,0,148.0,0.0,148.0
2024-01-01,S013,P0016,Toys,South,291,77,58,20.48,0,0.0,233,0,145.5,0.0,145.5
2024-01-01,S013,P0017,Furniture,East,449,48,70,169.3,0,0.0,379,0,224.5,0.0,224.5
2024-01-01,S013,P0018,Toys,East,182,81,207,67.87,0,0.0,0,0,91.0,0.0,91.0
2024-01-01,S013,P0019,Toys,North,212,164,40,10.46,0,0.0,172,0,106.0,0.0,106.0
2024-01-01,S013,P0020,Furniture,East,340,130,97,12.57,0,0.0,243,0,170.0,0.0,170.0
2024-01-01,S013,P0021,Electronics,East,174,41,93,31.07,0,0.0,81,0,87.0,0.0,87.0
2024-01-01,S013,P0022,Groceries,North,161,42,70,80.62,0,0.0,91,0,80.5,0.0,80.5
2024-01-01,S013,P0023,Toys,South,452,120,292,94.03,0,0.0,160,0,226.0,0.0,226.0
2024-01-01,S013,P0024,Electronics,West,307,172,168,181.5,0,0.0,139,0,153.5,0.0,153.5
2024-01-01,S013,P0025,Furniture,North,272,95,342,135.26,0,0.0,0,0,136.0,0.0,136.0
2024-01-01,S013,P0026,Groceries,North,444,49,93,386.82,0,0.0,351,0,222.0,0.0,222.0
2024-01-01,S013,P0027,Clothing,North,142,17,52,10.45,0,0.0,90,0,71.0,0.0,71.0
2024-01-01,S013,P0028,Toys,East,209,42,240,368.41,0,159.41000000000003,0,0,104.5,318.82000000000005,423.32000000000005
2024-01-01,S013,P0029,Electronics,East,189,51,112,120.44,0,0.0,77,0,94.5,0.0,94.5
2024-01-01,S013,P0030,Electronics,East,350,120,167,93.53,0,0.0,183,0,175.0,0.0,175.0
2024-01-01,S013,P0031,Clothing,North,335,65,339,320.25,0,0.0,0,0,167.5,0.0,167.5
2024-01-01,S013,P0032,Furniture,South,73,64,3,98.21,0,25.209999999999994,70,0,36.5,50.41999999999999,86.91999999999999
2024-01-01,S013,P0033,Clothing,South,132,133,104,287.29,0,155.29000000000002,28,0,66.0,310.58000000000004,376.58000000000004
2024-01-01,S013,P0034,Toys,West,62,121,21,122.49,0,60.489999999999995,41,0,31.0,120.97999999999999,151.98
2024-01-01,S013,P0035,Groceries,South,298,180,95,151.23,0,0.0,203,0,149.0,0.0,149.0
2024-01-01,S013,P0036,Toys,West,142,197,13,329.42,0,187.42000000000002,129,0,71.0,374.84000000000003,445.84000000000003
2024-01-01,S013,P0037,Electronics,West,187,156,52,74.47,0,0.0,135,0,93.5,0.0,93.5
2024-01-01,S013,P0038,Clothing,North,361,137,43,161.28,0,0.0,318,0,180.5,0.0,180.5
2024-01-01,S013,P0039,Electronics,West,214,58,158,444.56,0,230.56,56,0,107.0,461.12,568.12
2024-01-01,S013,P0040,Toys,West,132,39,226,65.06,0,0.0,0,0,66.0,0.0,66.0
2024-01-01,S013,P0041,Furniture,South,259,28,354,44.6,0,0.0,0,0,129.5,0.0,129.5
2024-01-01,S013,P0042,Clothing,East,322,123,21,437.57,0,115.57,301,0,161.0,231.14,392.14
2024-01-01,S013,P0043,Toys,South,313,147,209,35.77,0,0.0,104,0,156.5,0.0,156.5
2024-01-01,S013,P0044,Groceries,North,98,40,101,294.02,0,196.01999999999998,0,0,49.0,392.03999999999996,441.03999999999996
2024-01-01,S013,P0045,Groceries,South,358,57,14,48.7,0,0.0,344,0,179.0,0.0,179.0
2024-01-01,S013,P0046,Groceries,East,494,205,269,5.28,0,0.0,225,0,247.0,0.0,247.0
2024-01-01,S013,P0047,Groceries,South,191,147,53,122.99,0,0.0,138,0,95.5,0.0,95.5
2024-01-01,S013,P0048,Toys,South,35,130,26,41.01,0,6.009999999999998,9,0,17.5,12.019999999999996,29.519999999999996
2024-01-01,S013,P0049,Clothing,South,107,158,263,82.11,0,0.0,0,0,53.5,0.0,53.5
2024-01-01,S013,P0050,Toys,North,112,161,33,101.87,0,0.0,79,0,56.0,0.0,56.0
2024-01-01,S013,P0051,Clothing,West,385,99,142,269.41,0,0.0,243,0,192.5,0.0,192.5
2024-01-01,S013,P0052,Toys,East,234,188,119,0.0,0,0.0,115,0,117.0,0.0,117.0
2024-01-01,S013,P0053,Electronics,North,192,93,94,377.08,0,185.07999999999998,98,0,96.0,370.15999999999997,466.15999999999997
2024-01-01,S013,P0054,Clothing,West,365,188,49,88.95,0,0.0,316,0,182.5,0.0,182.5
2024-01-01,S013,P0055,Toys,West,185,45,41,197.35,0,12.349999999999994,144,0,92.5,24.69999999999999,117.19999999999999
2024-01-01,S013,P0056,Toys,East,457,148,0,347.98,0,0.0,457,0,228.5,0.0,228.5
2024-01-01,S013,P0057,Groceries,West,119,170,4,58.63,0,0.0,115,0,59.5,0.0,59.5
2024-01-01,S013,P0058,Groceries,North,406,55,137,74.18,0,0.0,269,0,203.0,0.0,203.0
2024-01-01,S013,P0059,Furniture,North,443,177,94,415.69,0,0.0,349,0,221.5,0.0,221.5
2024-01-01,S013,P0060,Clothing,East,134,154,70,23.12,0,0.0,64,0,67.0,0.0,67.0
2024-01-01,S013,P0061,Toys,South,73,46,372,1.32,0,0.0,0,0,36.5,0.0,36.5
2024-01-01,S013,P0062,Furniture,West,447,169,58,261.56,0,0.0,389,0,223.5,0.0,223.5
2024-01-01,S013,P0063,Electronics,East,217,130,16,15.93,0,0.0,201,0,108.5,0.0,108.5
2024-01-01,S013,P0064,Furniture,South,361,59,119,275.4,0,0.0,242,0,180.5,0.0,180.5
2024-01-01,S013,P0065,Groceries,North,197,150,0,110.69,0,0.0,197,0,98.5,0.0,98.5
2024-01-01,S013,P0066,Clothing,East,242,166,0,162.65,0,0.0,242,0,121.0,0.0,121.0
2024-01-01,S013,P0067,Furniture,South,320,77,147,44.84,0,0.0,173,0,160.0,0.0,160.0
2024-01-01,S013,P0068,Electronics,North,90,193,55,160.81,0,70.81,35,0,45.0,141.62,186.62
2024-01-01,S013,P0069,Clothing,West,115,62,143,83.96,0,0.0,0,0,57.5,0.0,57.5
2024-01-01,S013,P0070,Groceries,South,438,155,90,148.16,0,0.0,348,0,219.0,0.0,219.0
2024-01-01,S013,P0071,Clothing,West,368,91,26,342.36,0,0.0,342,0,184.0,0.0,184.0
2024-01-01,S013,P0072,Electronics,West,393,33,22,208.24,0,0.0,371,0,196.5,0.0,196.5
2024-01-01,S013,P0073,Furniture,South,175,26,126,279.49,0,104.49000000000001,49,0,87.5,208.98000000000002,296.48
2024-01-01,S013,P0074,Electronics,South,299,90,59,80.39,0,0.0,240,0,149.5,0.0,149.5
2024-01-01,S013,P0075,Clothing,North,383,40,116,144.88,0,0.0,267,0,191.5,0.0,191.5
2024-01-01,S014,P0001,Clothing,East,243,151,75,240.5,0,0.0,168,0,121.5,0.0,121.5
2024-01-01,S014,P0002,Electronics,South,369,63,114,9.36,0,0.0,255,0,184.5,0.0,184.5
2024-01-01,S014,P0003,Clothing,East,143,58,130,144.3,0,1.3000000000000114,13,0,71.5,2.6000000000000227,74.10000000000002
2024-01-01,S014,P0004,Furniture,West,312,47,21,266.5,0,0.0,291,0,156.0,0.0,156.0
2024-01-01,S014,P0005,Clothing,East,219,56,18,22.73,0,0.0,201,0,109.5,0.0,109.5
2024-01-01,S014,P0006,Groceries,South,192,120,32,180.89,0,0.0,160,0,96.0,0.0,96.0
2024-01-01,S014,P0007,Furniture,South,477,42,312,36.56,0,0.0,165,0,238.5,0.0,238.5
2024-01-01,S014,P0008,Electronics,West,420,25,7,362.49,0,0.0,413,0,210.0,0.0,210.0
2024-01-01,S014,P0009,Groceries,East,422,68,172,212.36,0,0.0,250,0,211.0,0.0,211.0
2024-01-01,S014,P0010,Groceries,South,468,93,20,111.42,0,0.0,448,0,234.0,0.0,234.0
2024-01-01,S014,P0011,Furniture,West,197,148,131,110.46,0,0.0,66,0,98.5,0.0,98.5
2024-01-01,S014,P0012,Electronics,West,343,123,55,80.08,0,0.0,288,0,171.5,0.0,171.5
2024-01-01,S014,P0013,Clothing,South,31,114,0,61.5,0,30.5,31,0,15.5,61.0,76.5
2024-01-01,S014,P0014,Clothing,North,494,93,0,33.56,0,0.0,494,0,247.0,0.0,247.0
2024-01-01,S014,P0015,Groceries,East,330,141,75,295.59,0,0.0,255,0,165.0,0.0,165.0
2024-01-01,S014,P0016,Electronics,West,237,79,52,98.67,0,0.0,185,0,118.5,0.0,118.5
2024-01-01,S014,P0017,Toys,South,204,168,26,21.16,0,0.0,178,0,102.0,0.0,102.0
2024-01-01,S014,P0018,Groceries,North,344,66,30,233.19,0,0.0,314,0,172.0,0.0,172.0
2024-01-01,S014,P0019,Groceries,South,286,115,151,333.2,0,47.19999999999999,135,0,143.0,94.39999999999998,237.39999999999998
2024-01-01,S014,P0020,Groceries,South,159,179,39,149.75,0,0.0,120,0,79.5,0.0,79.5
2024-01-01,S014,P0021,Toys,West,241,26,198,70.49,0,0.0,43,0,120.5,0.0,120.5
2024-01-01,S014,P0022,Furniture,South,464,33,104,194.43,0,0.0,360,0,232.0,0.0,232.0
2024-01-01,S014,P0023,Furniture,West,293,48,29,164.58,0,0.0,264,0,146.5,0.0,146.5
2024-01-01,S014,P0024,Toys,East,148,49,162,144.24,0,0.0,0,0,74.0,0.0,74.0
2024-01-01,S014,P0025,Toys,East,182,168,209,111.25,0,0.0,0,0,91.0,0.0,91.0
2024-01-01,S014,P0026,Clothing,East,395,132,417,21.84,0,0.0,0,0,197.5,0.0,197.5
2024-01-01,S014,P0027,Furniture,South,148,195,89,78.4,0,0.0,59,0,74.0,0.0,74.0
2024-01-01,S014,P0028,Clothing,West,280,175,89,25.01,0,0.0,191,0,140.0,0.0,140.0
2024-01-01,S014,P0029,Groceries,West,109,128,270,320.61,0,211.61,0,0,54.5,423.22,477.72
2024-01-01,S014,P0030,Clothing,East,416,111,274,146.83,0,0.0,142,0,208.0,0.0,208.0
2024-01-01,S014,P0031,Furniture,East,187,135,283,18.8,0,0.0,0,0,93.5,0.0,93.5
2024-01-01,S014,P0032,Toys,North,190,40,85,122.38,0,0.0,105,0,95.0,0.0,95.0
2024-01-01,S014,P0033,Furniture,West,480,109,147,382.04,0,0.0,333,0,240.0,0.0,240.0
2024-01-01,S014,P0034,Electronics,South,152,36,149,81.29,0,0.0,3,0,76.0,0.0,76.0
2024-01-01,S014,P0035,Electronics,North,296,99,36,330.57,0,34.56999999999999,260,0,148.0,69.13999999999999,217.14
2024-01-01,S014,P0036,Groceries,South,233,103,170,48.71,0,0.0,63,0,116.5,0.0,116.5
2024-01-01,S014,P0037,Furniture,West,395,151,4,333.47,0,0.0,391,0,197.5,0.0,197.5
2024-01-01,S014,P0038,Groceries,East,60,67,33,30.29,0,0.0,27,0,30.0,0.0,30.0
2024-01-01,S014,P0039,Clothing,South,145,191,80,126.86,0,0.0,65,0,72.5,0.0,72.5
2024-01-01,S014,P0040,Groceries,South,474,76,334,115.03,0,0.0,140,0,237.0,0.0,237.0
2024-01-01,S014,P0041,Clothing,South,329,185,38,76.9,0,0.0,291,0,164.5,0.0,164.5
2024-01-01,S014,P0042,Clothing,East,475,85,49,60.1,0,0.0,426,0,237.5,0.0,237.5
2024-01-01,S014,P0043,Electronics,South,177,88,70,164.03,0,0.0,107,0,88.5,0.0,88.5
2024-01-01,S014,P0044,Groceries,West,275,33,14,152.07,0,0.0,261,0,137.5,0.0,137.5
2024-01-01,S014,P0045,Furniture,South,44,125,45,178.29,0,134.29,0,0,22.0,268.58,290.58
2024-01-01,S014,P0046,Electronics,North,521,72,111,322.42,0,0.0,410,0,260.5,0.0,260.5
2024-01-01,S014,P0047,Furniture,West,245,179,113,291.37,0,46.370000000000005,132,0,122.5,92.74000000000001,215.24
2024-01-01,S014,P0048,Furniture,West,110,122,91,49.15,0,0.0,19,0,55.0,0.0,55.0
2024-01-01,S014,P0049,Toys,South,96,117,10,54.4,0,0.0,86,0,48.0,0.0,48.0
2024-01-01,S014,P0050,Toys,East,246,73,65,56.8,0,0.0,181,0,123.0,0.0,123.0
2024-01-01,S014,P0051,Furniture,North,440,115,0,360.18,0,0.0,440,0,220.0,0.0,220.0
2024-01-01,S014,P0052,Toys,South,101,68,46,26.9,0,0.0,55,0,50.5,0.0,50.5
2024-01-01,S014,P0053,Electronics,South,173,116,87,15.94,0,0.0,86,0,86.5,0.0,86.5
2024-01-01,S014,P0054,Electronics,South,256,157,234,45.18,0,0.0,22,0,128.0,0.0,128.0
2024-01-01,S014,P0055,Electronics,North,268,42,86,120.41,0,0.0,182,0,134.0,0.0,134.0
2024-01-01,S014,P0056,Electronics,South,57,186,40,79.81,0,22.810000000000002,17,0,28.5,45.620000000000005,74.12
2024-01-01,S014,P0057,Toys,West,222,18,94,19.24,0,0.0,128,0,111.0,0.0,111.0
2024-01-01,S014,P0058,Furniture,East,249,24,17,135.98,0,0.0,232,0,124.5,0.0,124.5
2024-01-01,S014,P0059,Electronics,East,441,183,232,69.75,0,0.0,209,0,220.5,0.0,220.5
2024-01-01,S014,P0060,Toys,South,214,60,0,165.35,0,0.0,214,0,107.0,0.0,107.0
2024-01-01,S014,P0061,Furniture,South,137,163,110,345.68,0,208.68,27,0,68.5,417.36,485.86
2024-01-01,S014,P0062,Toys,West,349,79,55,193.78,0,0.0,294,0,174.5,0.0,174.5
2024-01-01,S014,P0063,Electronics,West,123,125,307,5.05,0,0.0,0,0,61.5,0.0,61.5
2024-01-01,S014,P0064,Furniture,East,291,108,190,41.05,0,0.0,101,0,145.5,0.0,145.5
2024-01-01,S014,P0065,Electronics,East,307,120,247,46.47,0,0.0,60,0,153.5,0.0,153.5
2024-01-01,S014,P0066,Toys,South,129,84,238,53.8,0,0.0,0,0,64.5,0.0,64.5
2024-01-01,S014,P0067,Electronics,East,188,124,68,96.41,0,0.0,120,0,94.0,0.0,94.0
2024-01-01,S014,P0068,Electronics,North,462,39,375,280.85,0,0.0,87,0,231.0,0.0,231.0
2024-01-01,S014,P0069,Furniture,West,318,64,149,160.39,0,0.0,169,0,159.0,0.0,159.0
2024-01-01,S014,P0070,Toys,North,455,121,315,102.64,0,0.0,140,0,227.5,0.0,227.5
2024-01-01,S014,P0071,Groceries,West,399,186,139,59.27,0,0.0,260,0,199.5,0.0,199.5
2024-01-01,S014,P0072,Toys,North,491,141,21,267.49,0,0.0,470,0,245.5,0.0,245.5
2024-01-01,S014,P0073,Toys,East,218,137,53,325.96,0,107.95999999999998,165,0,109.0,215.91999999999996,324.91999999999996
2024-01-01,S014,P0074,Electronics,North,238,193,319,14.38,0,0.0,0,0,119.0,0.0,119.0
2024-01-01,S014,P0075,Electronics,South,368,62,437,122.08,0,0.0,0,0,184.0,0.0,184.0
2024-01-01,S015,P0001,Clothing,East,440,143,82,80.91,0,0.0,358,0,220.0,0.0,220.0
2024-01-01,S015,P0002,Toys,South,471,160,203,9.14,0,0.0,268,0,235.5,0.0,235.5
2024-01-01,S015,P0003,Electronics,South,423,203,259,247.71,0,0.0,164,0,211.5,0.0,211.5
2024-01-01,S015,P0004,Electronics,East,112,131,107,277.76,0,165.76,5,0,56.0,331.52,387.52
2024-01-01,S015,P0005,Clothing,East,49,196,73,1.92,0,0.0,0,0,24.5,0.0,24.5
2024-01-01,S015,P0006,Furniture,South,317,54,35,120.09,0,0.0,282,0,158.5,0.0,158.5
2024-01-01,S015,P0007,Electronics,South,82,86,210,51.04,0,0.0,0,0,41.0,0.0,41.0
2024-01-01,S015,P0008,Toys,South,444,110,68,300.31,0,0.0,376,0,222.0,0.0,222.0
2024-01-01,S015,P0009,Toys,West,160,26,49,70.64,0,0.0,111,0,80.0,0.0,80.0
2024-01-01,S015,P0010,Clothing,East,89,160,140,17.49,0,0.0,0,0,44.5,0.0,44.5
2024-01-01,S015,P0011,Toys,West,447,49,26,186.61,0,0.0,421,0,223.5,0.0,223.5
2024-01-01,S015,P0012,Groceries,North,249,62,176,84.0,0,0.0,73,0,124.5,0.0,124.5
2024-01-01,S015,P0013,Clothing,North,491,121,24,125.01,0,0.0,467,0,245.5,0.0,245.5
2024-01-01,S015,P0014,Clothing,West,356,137,52,19.71,0,0.0,304,0,178.0,0.0,178.0
2024-01-01,S015,P0015,Clothing,South,316,175,14,32.68,0,0.0,302,0,158.0,0.0,158.0
2024-01-01,S015,P0016,Toys,South,247,154,113,124.21,0,0.0,134,0,123.5,0.0,123.5
2024-01-01,S015,P0017,Electronics,South,302,23,7,38.02,0,0.0,295,0,151.0,0.0,151.0
2024-01-01,S015,P0018,Clothing,North,71,146,9,18.6,0,0.0,62,0,35.5,0.0,35.5
2024-01-01,S015,P0019,Electronics,East,245,85,0,41.57,0,0.0,245,0,122.5,0.0,122.5
2024-01-01,S015,P0020,Furniture,East,354,137,277,132.14,0,0.0,77,0,177.0,0.0,177.0
2024-01-01,S015,P0021,Furniture,West,349,63,247,21.96,0,0.0,102,0,174.5,0.0,174.5
2024-01-01,S015,P0022,Electronics,South,174,95,43,350.82,0,176.82,131,0,87.0,353.64,440.64
2024-01-01,S015,P0023,Toys,North,326,24,282,162.82,0,0.0,44,0,163.0,0.0,163.0
2024-01-01,S015,P0024,Furniture,East,451,67,230,54.84,0,0.0,221,0,225.5,0.0,225.5
2024-01-01,S015,P0025,Furniture,South,89,44,282,62.54,0,0.0,0,0,44.5,0.0,44.5
2024-01-01,S015,P0026,Clothing,North,469,43,0,203.46,0,0.0,469,0,234.5,0.0,234.5
2024-01-01,S015,P0027,Furniture,South,197,84,0,231.1,0,34.099999999999994,197,0,98.5,68.19999999999999,166.7
2024-01-01,S015,P0028,Toys,South,80,173,343,233.93,0,153.93,0,0,40.0,307.86,347.86
2024-01-01,S015,P0029,Electronics,East,321,124,76,226.08,0,0.0,245,0,160.5,0.0,160.5
2024-01-01,S015,P0030,Electronics,South,428,65,115,518.52,0,90.51999999999998,313,0,214.0,181.03999999999996,395.03999999999996
2024-01-01,S015,P0031,Electronics,West,187,74,0,243.01,0,56.00999999999999,187,0,93.5,112.01999999999998,205.51999999999998
2024-01-01,S015,P0032,Furniture,East,375,30,305,107.52,0,0.0,70,0,187.5,0.0,187.5
2024-01-01,S015,P0033,Groceries,South,429,20,20,85.16,0,0.0,409,0,214.5,0.0,214.5
2024-01-01,S015,P0034,Toys,West,371,160,135,33.07,0,0.0,236,0,185.5,0.0,185.5
2024-01-01,S015,P0035,Furniture,East,106,135,287,46.52,0,0.0,0,0,53.0,0.0,53.0
2024-01-01,S015,P0036,Toys,South,233,151,153,0.0,0,0.0,80,0,116.5,0.0,116.5
2024-01-01,S015,P0037,Groceries,North,79,192,125,116.98,0,37.980000000000004,0,0,39.5,75.96000000000001,115.46000000000001
2024-01-01,S015,P0038,Furniture,North,480,165,53,227.85,0,0.0,427,0,240.0,0.0,240.0
2024-01-01,S015,P0039,Furniture,North,472,86,98,269.6,0,0.0,374,0,236.0,0.0,236.0
2024-01-01,S015,P0040,Toys,North,195,192,77,32.74,0,0.0,118,0,97.5,0.0,97.5
2024-01-01,S015,P0041,Groceries,East,230,75,463,112.99,0,0.0,0,0,115.0,0.0,115.0
2024-01-01,S015,P0042,Groceries,West,190,114,266,239.2,0,49.19999999999999,0,0,95.0,98.39999999999998,193.39999999999998
2024-01-01,S015,P0043,Clothing,East,412,175,127,183.56,0,0.0,285,0,206.0,0.0,206.0
2024-01-01,S015,P0044,Electronics,South,260,58,111,316.83,0,56.829999999999984,149,0,130.0,113.65999999999997,243.65999999999997
2024-01-01,S015,P0045,Toys,North,82,93,342,104.35,0,22.349999999999994,0,0,41.0,44.69999999999999,85.69999999999999
2024-01-01,S015,P0046,Clothing,North,154,73,54,230.97,0,76.97,100,0,77.0,153.94,230.94
2024-01-01,S015,P0047,Toys,West,383,142,67,21.24,0,0.0,316,0,191.5,0.0,191.5
2024-01-01,S015,P0048,Clothing,North,113,50,108,276.78,0,163.77999999999997,5,0,56.5,327.55999999999995,384.05999999999995
2024-01-01,S015,P0049,Furniture,South,273,143,32,99.4,0,0.0,241,0,136.5,0.0,136.5
2024-01-01,S015,P0050,Electronics,South,96,182,114,421.46,0,325.46,0,0,48.0,650.92,698.92
2024-01-01,S015,P0051,Electronics,West,390,146,270,102.81,0,0.0,120,0,195.0,0.0,195.0
2024-01-01,S015,P0052,Electronics,North,160,125,179,2.37,0,0.0,0,0,80.0,0.0,80.0
2024-01-01,S015,P0053,Furniture,South,241,80,44,223.88,0,0.0,197,0,120.5,0.0,120.5
2024-01-01,S015,P0054,Toys,South,434,153,124,38.08,0,0.0,310,0,217.0,0.0,217.0
2024-01-01,S015,P0055,Electronics,North,471,157,37,61.67,0,0.0,434,0,235.5,0.0,235.5
2024-01-01,S015,P0056,Electronics,South,342,202,38,266.66,0,0.0,304,0,171.0,0.0,171.0
2024-01-01,S015,P0057,Furniture,East,498,110,183,241.66,0,0.0,315,0,249.0,0.0,249.0
2024-01-01,S015,P0058,Clothing,East,80,171,20,41.88,0,0.0,60,0,40.0,0.0,40.0
2024-01-01,S015,P0059,Groceries,West,50,73,56,44.64,0,0.0,0,0,25.0,0.0,25.0
2024-01-01,S015,P0060,Clothing,West,183,193,336,252.56,0,69.56,0,0,91.5,139.12,230.62
2024-01-01,S015,P0061,Furniture,West,227,48,42,87.63,0,0.0,185,0,113.5,0.0,113.5
2024-01-01,S015,P0062,Groceries,East,174,195,273,81.95,0,0.0,0,0,87.0,0.0,87.0
2024-01-01,S015,P0063,Furniture,South,151,101,57,117.92,0,0.0,94,0,75.5,0.0,75.5
2024-01-01,S015,P0064,Clothing,North,389,47,130,241.33,0,0.0,259,0,194.5,0.0,194.5
2024-01-01,S015,P0065,Groceries,East,430,116,144,14.77,0,0.0,286,0,215.0,0.0,215.0
2024-01-01,S015,P0066,Electronics,East,278,191,459,287.74,0,9.740000000000009,0,0,139.0,19.480000000000018,158.48000000000002
2024-01-01,S015,P0067,Toys,East,299,88,9,245.31,0,0.0,290,0,149.5,0.0,149.5
2024-01-01,S015,P0068,Electronics,East,127,177,116,40.14,0,0.0,11,0,63.5,0.0,63.5
2024-01-01,S015,P0069,Electronics,East,168,145,62,48.89,0,0.0,106,0,84.0,0.0,84.0
2024-01-01,S015,P0070,Toys,South,132,74,32,13.08,0,0.0,100,0,66.0,0.0,66.0
2024-01-01,S015,P0071,Clothing,West,344,57,189,163.66,0,0.0,155,0,172.0,0.0,172.0
2024-01-01,S015,P0072,Furniture,East,177,44,90,143.41,0,0.0,87,0,88.5,0.0,88.5
2024-01-01,S015,P0073,Toys,North,389,172,164,132.93,0,0.0,225,0,194.5,0.0,194.5
2024-01-01,S015,P0074,Electronics,East,455,156,3,383.2,0,0.0,452,0,227.5,0.0,227.5
2024-01-01,S015,P0075,Clothing,West,487,100,252,13.49,0,0.0,235,0,243.5,0.0,243.5
